id	datetime	runtime	model_type	n_samples	train_samples	test_samples	epoch_no	n_epochs	batch_size	lr	c	kernel	degree	max_iter	LU-precision	LU-recall	LU-f1	LU-support	BE-precision	BE-recall	BE-f1	BE-support	ZH-precision	ZH-recall	ZH-f1	ZH-support	BS-precision	BS-recall	BS-f1	BS-support	accuracy	macro-avg-precision	macro-avg-recall	macro-avg-f1	macro-avg-support	weighted-avg-precision	weighted-avg-recall	weighted-avg-f1	weighted-avg-support	comments
1	Wed-20-Jan-2021-17:01:37	1.16 sec	LogisticRegression	18809	12539	6270	1	10	10	0.01	-	-	-	-	0.965	0.988	0.977	1443	0.971	0.983	0.977	1577	0.989	0.941	0.965	1653	0.967	0.982	0.975	1597	0.973	0.973	0.974	0.973	6270	0.973	0.973	0.973	6270	-
2	Wed-20-Jan-2021-17:01:38	0.96 sec	LogisticRegression	18809	12539	6270	2	10	10	0.01	-	-	-	-	0.975	0.991	0.983	1443	0.973	0.986	0.98	1577	0.989	0.958	0.973	1653	0.978	0.982	0.98	1597	0.979	0.979	0.979	0.979	6270	0.979	0.979	0.979	6270	-
3	Wed-20-Jan-2021-17:01:39	1.05 sec	LogisticRegression	18809	12539	6270	3	10	10	0.01	-	-	-	-	0.977	0.991	0.984	1443	0.974	0.987	0.981	1577	0.988	0.959	0.974	1653	0.978	0.982	0.98	1597	0.979	0.979	0.98	0.98	6270	0.98	0.979	0.979	6270	-
4	Wed-20-Jan-2021-17:01:40	1.07 sec	LogisticRegression	18809	12539	6270	4	10	10	0.01	-	-	-	-	0.977	0.991	0.984	1443	0.974	0.987	0.981	1577	0.988	0.962	0.975	1653	0.979	0.981	0.98	1597	0.98	0.98	0.98	0.98	6270	0.98	0.98	0.98	6270	-
5	Wed-20-Jan-2021-17:01:41	1.03 sec	LogisticRegression	18809	12539	6270	5	10	10	0.01	-	-	-	-	0.978	0.991	0.985	1443	0.976	0.989	0.983	1577	0.988	0.964	0.976	1653	0.981	0.981	0.981	1597	0.981	0.981	0.981	0.981	6270	0.981	0.981	0.981	6270	-
6	Wed-20-Jan-2021-17:01:42	0.78 sec	LogisticRegression	18809	12539	6270	6	10	10	0.01	-	-	-	-	0.978	0.992	0.985	1443	0.976	0.989	0.982	1577	0.988	0.965	0.976	1653	0.982	0.98	0.981	1597	0.981	0.981	0.981	0.981	6270	0.981	0.981	0.981	6270	-
7	Wed-20-Jan-2021-17:01:43	0.72 sec	LogisticRegression	18809	12539	6270	7	10	10	0.01	-	-	-	-	0.979	0.992	0.986	1443	0.977	0.989	0.983	1577	0.988	0.967	0.977	1653	0.983	0.981	0.982	1597	0.982	0.982	0.982	0.982	6270	0.982	0.982	0.982	6270	-
8	Wed-20-Jan-2021-17:01:44	0.64 sec	LogisticRegression	18809	12539	6270	8	10	10	0.01	-	-	-	-	0.981	0.992	0.986	1443	0.978	0.989	0.984	1577	0.987	0.97	0.979	1653	0.984	0.981	0.982	1597	0.983	0.983	0.983	0.983	6270	0.983	0.983	0.983	6270	-
9	Wed-20-Jan-2021-17:01:45	0.7 sec	LogisticRegression	18809	12539	6270	9	10	10	0.01	-	-	-	-	0.981	0.992	0.986	1443	0.978	0.989	0.984	1577	0.987	0.972	0.979	1653	0.985	0.98	0.982	1597	0.983	0.983	0.983	0.983	6270	0.983	0.983	0.983	6270	-
10	Wed-20-Jan-2021-17:01:45	0.84 sec	LogisticRegression	18809	12539	6270	10	10	10	0.01	-	-	-	-	0.981	0.992	0.987	1443	0.979	0.989	0.984	1577	0.987	0.973	0.98	1653	0.985	0.98	0.982	1597	0.983	0.983	0.983	0.983	6270	0.983	0.983	0.983	6270	-
11	Wed-20-Jan-2021-17:01:46	1.22 sec	LogisticRegression	18809	12539	6270	1	10	10	0.01	-	-	-	-	0.968	0.989	0.978	1471	0.972	0.974	0.973	1622	0.99	0.956	0.972	1590	0.971	0.982	0.977	1587	0.975	0.975	0.975	0.975	6270	0.975	0.975	0.975	6270	-
12	Wed-20-Jan-2021-17:01:47	0.61 sec	LogisticRegression	18809	12539	6270	2	10	10	0.01	-	-	-	-	0.976	0.986	0.981	1471	0.971	0.978	0.975	1622	0.988	0.964	0.976	1590	0.975	0.981	0.978	1587	0.977	0.977	0.978	0.977	6270	0.977	0.977	0.977	6270	-
13	Wed-20-Jan-2021-17:01:48	0.58 sec	LogisticRegression	18809	12539	6270	3	10	10	0.01	-	-	-	-	0.979	0.987	0.983	1471	0.972	0.979	0.975	1622	0.988	0.967	0.977	1590	0.975	0.98	0.978	1587	0.978	0.978	0.978	0.978	6270	0.978	0.978	0.978	6270	-
14	Wed-20-Jan-2021-17:01:49	1.01 sec	LogisticRegression	18809	12539	6270	4	10	10	0.01	-	-	-	-	0.98	0.988	0.984	1471	0.972	0.98	0.976	1622	0.987	0.97	0.978	1590	0.977	0.98	0.979	1587	0.979	0.979	0.979	0.979	6270	0.979	0.979	0.979	6270	-
15	Wed-20-Jan-2021-17:01:50	0.95 sec	LogisticRegression	18809	12539	6270	5	10	10	0.01	-	-	-	-	0.981	0.987	0.984	1471	0.974	0.982	0.978	1622	0.987	0.973	0.98	1590	0.979	0.979	0.979	1587	0.98	0.98	0.98	0.98	6270	0.98	0.98	0.98	6270	-
16	Wed-20-Jan-2021-17:01:51	0.58 sec	LogisticRegression	18809	12539	6270	6	10	10	0.01	-	-	-	-	0.981	0.987	0.984	1471	0.973	0.982	0.977	1622	0.987	0.974	0.98	1590	0.98	0.979	0.979	1587	0.98	0.98	0.98	0.98	6270	0.98	0.98	0.98	6270	-
17	Wed-20-Jan-2021-17:01:51	0.56 sec	LogisticRegression	18809	12539	6270	7	10	10	0.01	-	-	-	-	0.982	0.987	0.984	1471	0.973	0.982	0.978	1622	0.987	0.974	0.98	1590	0.98	0.979	0.98	1587	0.98	0.98	0.98	0.98	6270	0.98	0.98	0.98	6270	-
18	Wed-20-Jan-2021-17:01:52	1.03 sec	LogisticRegression	18809	12539	6270	8	10	10	0.01	-	-	-	-	0.983	0.986	0.985	1471	0.973	0.983	0.978	1622	0.986	0.975	0.981	1590	0.981	0.979	0.98	1587	0.981	0.981	0.981	0.981	6270	0.981	0.981	0.981	6270	-
19	Wed-20-Jan-2021-17:01:53	0.95 sec	LogisticRegression	18809	12539	6270	9	10	10	0.01	-	-	-	-	0.984	0.986	0.985	1471	0.974	0.983	0.978	1622	0.986	0.976	0.981	1590	0.981	0.979	0.98	1587	0.981	0.981	0.981	0.981	6270	0.981	0.981	0.981	6270	-
20	Wed-20-Jan-2021-17:01:54	0.57 sec	LogisticRegression	18809	12539	6270	10	10	10	0.01	-	-	-	-	0.984	0.986	0.985	1471	0.974	0.983	0.978	1622	0.986	0.977	0.981	1590	0.981	0.979	0.98	1587	0.981	0.981	0.981	0.981	6270	0.981	0.981	0.981	6270	-
21	Wed-20-Jan-2021-17:01:54	0.56 sec	LogisticRegression	18809	12540	6269	1	10	10	0.01	-	-	-	-	0.969	0.992	0.98	1493	0.974	0.973	0.974	1604	0.989	0.941	0.964	1559	0.96	0.985	0.972	1613	0.973	0.973	0.973	0.973	6269	0.973	0.973	0.973	6269	-
22	Wed-20-Jan-2021-17:01:55	1.01 sec	LogisticRegression	18809	12540	6269	2	10	10	0.01	-	-	-	-	0.974	0.991	0.983	1493	0.978	0.978	0.978	1604	0.988	0.954	0.971	1559	0.968	0.985	0.976	1613	0.977	0.977	0.977	0.977	6269	0.977	0.977	0.977	6269	-
23	Wed-20-Jan-2021-17:01:56	0.94 sec	LogisticRegression	18809	12540	6269	3	10	10	0.01	-	-	-	-	0.978	0.992	0.985	1493	0.979	0.98	0.98	1604	0.988	0.959	0.973	1559	0.971	0.985	0.978	1613	0.979	0.979	0.979	0.979	6269	0.979	0.979	0.979	6269	-
24	Wed-20-Jan-2021-17:01:57	0.57 sec	LogisticRegression	18809	12540	6269	4	10	10	0.01	-	-	-	-	0.98	0.993	0.986	1493	0.981	0.98	0.981	1604	0.988	0.965	0.976	1559	0.974	0.985	0.979	1613	0.981	0.981	0.981	0.981	6269	0.981	0.981	0.981	6269	-
25	Wed-20-Jan-2021-17:01:57	0.57 sec	LogisticRegression	18809	12540	6269	5	10	10	0.01	-	-	-	-	0.98	0.993	0.986	1493	0.983	0.98	0.981	1604	0.988	0.969	0.978	1559	0.977	0.985	0.981	1613	0.982	0.982	0.982	0.982	6269	0.982	0.982	0.982	6269	-
26	Wed-20-Jan-2021-17:01:58	1.01 sec	LogisticRegression	18809	12540	6269	6	10	10	0.01	-	-	-	-	0.981	0.993	0.987	1493	0.983	0.98	0.981	1604	0.987	0.972	0.979	1559	0.978	0.985	0.981	1613	0.982	0.982	0.982	0.982	6269	0.982	0.982	0.982	6269	-
27	Wed-20-Jan-2021-17:01:59	0.96 sec	LogisticRegression	18809	12540	6269	7	10	10	0.01	-	-	-	-	0.983	0.993	0.988	1493	0.983	0.98	0.982	1604	0.987	0.976	0.981	1559	0.98	0.985	0.982	1613	0.983	0.983	0.983	0.983	6269	0.983	0.983	0.983	6269	-
28	Wed-20-Jan-2021-17:02:00	0.57 sec	LogisticRegression	18809	12540	6269	8	10	10	0.01	-	-	-	-	0.985	0.993	0.989	1493	0.984	0.981	0.983	1604	0.986	0.978	0.982	1559	0.98	0.983	0.982	1613	0.984	0.984	0.984	0.984	6269	0.984	0.984	0.984	6269	-
29	Wed-20-Jan-2021-17:02:00	0.57 sec	LogisticRegression	18809	12540	6269	9	10	10	0.01	-	-	-	-	0.985	0.993	0.989	1493	0.984	0.981	0.983	1604	0.986	0.978	0.982	1559	0.98	0.984	0.982	1613	0.984	0.984	0.984	0.984	6269	0.984	0.984	0.984	6269	-
30	Wed-20-Jan-2021-17:02:01	1.06 sec	LogisticRegression	18809	12540	6269	10	10	10	0.01	-	-	-	-	0.985	0.993	0.989	1493	0.985	0.981	0.983	1604	0.986	0.978	0.982	1559	0.981	0.985	0.983	1613	0.984	0.984	0.984	0.984	6269	0.984	0.984	0.984	6269	-
31	Wed-20-Jan-2021-17:02:02	6.85 sec	SVC	18809	12539	6270	-	-	-	-	1	rbf	3	-1	0.997	0.999	0.998	1443	0.996	0.997	0.996	1577	0.998	0.997	0.998	1653	0.997	0.996	0.996	1597	0.997	0.997	0.997	0.997	6270	0.997	0.997	0.997	6270	-
32	Wed-20-Jan-2021-17:02:09	6.83 sec	SVC	18809	12539	6270	-	-	-	-	1	rbf	3	-1	0.999	0.995	0.997	1471	0.996	0.997	0.996	1622	0.999	0.997	0.998	1590	0.994	0.997	0.996	1587	0.997	0.997	0.997	0.997	6270	0.997	0.997	0.997	6270	-
33	Wed-20-Jan-2021-17:02:16	6.12 sec	SVC	18809	12540	6269	-	-	-	-	1	rbf	3	-1	0.997	0.998	0.998	1493	0.997	0.996	0.996	1604	0.996	0.998	0.997	1559	0.996	0.995	0.996	1613	0.997	0.997	0.997	0.997	6269	0.997	0.997	0.997	6269	-
34	Wed-20-Jan-2021-17:05:10	5.1 sec	SVC	18809	14279	4530	-	-	-	-	1	rbf	3	-1	0.345	0.069	0.115	1017	0.076	0.086	0.081	1053	0.388	0.892	0.541	932	0.662	0.427	0.519	1528	0.363	0.368	0.369	0.314	4530	0.398	0.363	0.331	4530	-
35	Wed-20-Jan-2021-17:19:41	5.46 sec	SVC	18809	14279	4530	-	-	-	-	1	rbf	3	-1	0.345	0.069	0.115	1017	0.076	0.086	0.081	1053	0.388	0.892	0.541	932	0.662	0.427	0.519	1528	0.363	0.368	0.369	0.314	4530	0.398	0.363	0.331	4530	-
36	Wed-20-Jan-2021-17:22:30	5.22 sec	SVC	18809	14279	4530	-	-	-	-	1	rbf	3	-1	0.345	0.069	0.115	1017	0.076	0.086	0.081	1053	0.388	0.892	0.541	932	0.662	0.427	0.519	1528	0.363	0.368	0.369	0.314	4530	0.398	0.363	0.331	4530	-
37	Wed-20-Jan-2021-17:28:42	5.26 sec	SVC	18809	14279	4530	-	-	-	-	1	rbf	3	-1	0.345	0.069	0.115	1017	0.076	0.086	0.081	1053	0.388	0.892	0.541	932	0.662	0.427	0.519	1528	0.363	0.368	0.369	0.314	4530	0.398	0.363	0.331	4530	-
38	Wed-20-Jan-2021-17:32:25	5.39 sec	SVC	18809	14279	4530	-	-	-	-	1	rbf	3	-1	0.345	0.069	0.115	1017	0.076	0.086	0.081	1053	0.388	0.892	0.541	932	0.662	0.427	0.519	1528	0.363	0.368	0.369	0.314	4530	0.398	0.363	0.331	4530	-
39	Wed-20-Jan-2021-17:33:28	5.27 sec	SVC	18809	14279	4530	-	-	-	-	1	rbf	3	-1	0.345	0.069	0.115	1017	0.076	0.086	0.081	1053	0.388	0.892	0.541	932	0.662	0.427	0.519	1528	0.363	0.368	0.369	0.314	4530	0.398	0.363	0.331	4530	-
40	Wed-20-Jan-2021-17:34:41	5.28 sec	SVC	18809	14279	4530	-	-	-	-	1	rbf	3	-1	0.345	0.069	0.115	1017	0.076	0.086	0.081	1053	0.388	0.892	0.541	932	0.662	0.427	0.519	1528	0.363	0.368	0.369	0.314	4530	0.398	0.363	0.331	4530	-
41	Wed-20-Jan-2021-17:36:09	5.17 sec	SVC	18809	14279	4530	-	-	-	-	1	rbf	3	-1	0.345	0.069	0.115	1017	0.076	0.086	0.081	1053	0.388	0.892	0.541	932	0.662	0.427	0.519	1528	0.363	0.368	0.369	0.314	4530	0.398	0.363	0.331	4530	-
42	Wed-20-Jan-2021-17:37:55	5.2 sec	SVC	18809	14279	4530	-	-	-	-	1	rbf	3	-1	0.345	0.069	0.115	1017	0.076	0.086	0.081	1053	0.388	0.892	0.541	932	0.662	0.427	0.519	1528	0.363	0.368	0.369	0.314	4530	0.398	0.363	0.331	4530	-
43	Wed-20-Jan-2021-17:39:55	5.17 sec	SVC	18809	14279	4530	-	-	-	-	1	rbf	3	-1	0.345	0.069	0.115	1017	0.076	0.086	0.081	1053	0.388	0.892	0.541	932	0.662	0.427	0.519	1528	0.363	0.368	0.369	0.314	4530	0.398	0.363	0.331	4530	-
44	23-Jan-2021-22:27:01	1.61 sec	LogisticRegression	18809	14279	4530	1	2	10	0.01	-	-	-	-	0.226	0.208	0.217	1017	0.235	0.229	0.232	1053	0.266	0.348	0.302	932	0.549	0.484	0.514	1528	0.335	0.319	0.317	0.316	4530	0.345	0.335	0.338	4530	-
45	23-Jan-2021-22:27:02	1.72 sec	LogisticRegression	18809	14279	4530	2	2	10	0.01	-	-	-	-	0.246	0.224	0.235	1017	0.212	0.213	0.212	1053	0.287	0.386	0.329	932	0.558	0.471	0.511	1528	0.338	0.326	0.324	0.322	4530	0.352	0.338	0.342	4530	-
46	23-Jan-2021-22:31:11	1.62 sec	LogisticRegression	18809	14279	4530	1	10	10	0.01	-	-	-	-	0.241	0.286	0.262	1017	0.198	0.243	0.218	1053	0.4	0.347	0.371	932	0.603	0.482	0.536	1528	0.355	0.36	0.339	0.347	4530	0.386	0.355	0.366	4530	-
47	23-Jan-2021-22:31:12	2.26 sec	LogisticRegression	18809	14279	4530	2	10	10	0.01	-	-	-	-	0.261	0.29	0.275	1017	0.192	0.227	0.208	1053	0.381	0.388	0.384	932	0.6	0.473	0.529	1528	0.357	0.359	0.345	0.349	4530	0.384	0.357	0.368	4530	-
48	23-Jan-2021-22:31:15	1.83 sec	LogisticRegression	18809	14279	4530	3	10	10	0.01	-	-	-	-	0.27	0.287	0.278	1017	0.186	0.216	0.2	1053	0.371	0.414	0.391	932	0.596	0.463	0.522	1528	0.356	0.356	0.345	0.348	4530	0.381	0.356	0.365	4530	-
49	23-Jan-2021-22:31:16	1.53 sec	LogisticRegression	18809	14279	4530	4	10	10	0.01	-	-	-	-	0.28	0.285	0.283	1017	0.18	0.206	0.192	1053	0.364	0.436	0.397	932	0.59	0.454	0.513	1528	0.355	0.354	0.345	0.346	4530	0.379	0.355	0.363	4530	-
50	23-Jan-2021-22:31:18	2.27 sec	LogisticRegression	18809	14279	4530	5	10	10	0.01	-	-	-	-	0.286	0.286	0.286	1017	0.174	0.196	0.184	1053	0.364	0.453	0.404	932	0.589	0.45	0.51	1528	0.355	0.353	0.346	0.346	4530	0.378	0.355	0.362	4530	-
51	23-Jan-2021-22:31:20	1.96 sec	LogisticRegression	18809	14279	4530	6	10	10	0.01	-	-	-	-	0.293	0.287	0.29	1017	0.168	0.186	0.177	1053	0.363	0.469	0.409	932	0.585	0.446	0.506	1528	0.355	0.352	0.347	0.345	4530	0.377	0.355	0.361	4530	-
52	23-Jan-2021-22:31:22	2.03 sec	LogisticRegression	18809	14279	4530	7	10	10	0.01	-	-	-	-	0.296	0.283	0.289	1017	0.164	0.181	0.172	1053	0.362	0.479	0.412	932	0.584	0.444	0.505	1528	0.354	0.352	0.347	0.345	4530	0.376	0.354	0.36	4530	-
53	23-Jan-2021-22:31:24	1.65 sec	LogisticRegression	18809	14279	4530	8	10	10	0.01	-	-	-	-	0.302	0.284	0.293	1017	0.16	0.176	0.167	1053	0.358	0.484	0.412	932	0.582	0.44	0.501	1528	0.353	0.35	0.346	0.343	4530	0.375	0.353	0.358	4530	-
54	23-Jan-2021-22:31:26	1.61 sec	LogisticRegression	18809	14279	4530	9	10	10	0.01	-	-	-	-	0.299	0.276	0.287	1017	0.157	0.172	0.164	1053	0.353	0.484	0.408	932	0.579	0.439	0.5	1528	0.35	0.347	0.343	0.34	4530	0.372	0.35	0.355	4530	-
55	23-Jan-2021-22:31:27	2.43 sec	LogisticRegression	18809	14279	4530	10	10	10	0.01	-	-	-	-	0.301	0.274	0.287	1017	0.152	0.165	0.158	1053	0.35	0.487	0.407	932	0.581	0.44	0.501	1528	0.349	0.346	0.342	0.338	4530	0.371	0.349	0.354	4530	-
58	26-Jan-2021-02:00:28	0.88 sec	SVC	18809	14279	4530	-	-	-	-	1	rbf	3	-1	0.254	0.046	0.078	1017	0.124	0.12	0.122	1053	0.373	0.854	0.519	932	0.631	0.494	0.554	1528	0.381	0.346	0.379	0.318	4530	0.375	0.381	0.34	4530	Trained with only a set of important features
59	26-Jan-2021-02:05:10	1.6 sec	LogisticRegression	18809	14279	4530	1	10	10	0.01	-	-	-	-	0.281	0.297	0.289	1017	0.167	0.208	0.185	1053	0.214	0.2	0.206	932	0.537	0.447	0.488	1528	0.307	0.3	0.288	0.292	4530	0.327	0.307	0.315	4530	Trained with only a set of important features
60	26-Jan-2021-02:05:12	1.65 sec	LogisticRegression	18809	14279	4530	2	10	10	0.01	-	-	-	-	0.242	0.249	0.245	1017	0.172	0.209	0.189	1053	0.258	0.275	0.266	932	0.567	0.449	0.501	1528	0.312	0.31	0.295	0.3	4530	0.338	0.312	0.323	4530	Trained with only a set of important features
61	26-Jan-2021-02:05:13	2.01 sec	LogisticRegression	18809	14279	4530	3	10	10	0.01	-	-	-	-	0.233	0.23	0.231	1017	0.176	0.209	0.191	1053	0.271	0.31	0.289	932	0.572	0.451	0.504	1528	0.316	0.313	0.3	0.304	4530	0.342	0.316	0.326	4530	Trained with only a set of important features
62	26-Jan-2021-02:05:15	1.53 sec	LogisticRegression	18809	14279	4530	4	10	10	0.01	-	-	-	-	0.224	0.212	0.218	1017	0.178	0.21	0.192	1053	0.277	0.338	0.304	932	0.575	0.446	0.502	1528	0.316	0.313	0.301	0.304	4530	0.343	0.316	0.326	4530	Trained with only a set of important features
63	26-Jan-2021-02:05:17	1.52 sec	LogisticRegression	18809	14279	4530	5	10	10	0.01	-	-	-	-	0.225	0.207	0.216	1017	0.179	0.211	0.194	1053	0.284	0.358	0.317	932	0.571	0.441	0.498	1528	0.318	0.315	0.304	0.306	4530	0.343	0.318	0.327	4530	Trained with only a set of important features
64	26-Jan-2021-02:05:18	1.53 sec	LogisticRegression	18809	14279	4530	6	10	10	0.01	-	-	-	-	0.224	0.201	0.212	1017	0.178	0.209	0.192	1053	0.287	0.374	0.325	932	0.57	0.435	0.494	1528	0.317	0.315	0.305	0.306	4530	0.343	0.317	0.326	4530	Trained with only a set of important features
65	26-Jan-2021-02:05:20	1.55 sec	LogisticRegression	18809	14279	4530	7	10	10	0.01	-	-	-	-	0.224	0.198	0.21	1017	0.178	0.209	0.192	1053	0.289	0.386	0.331	932	0.575	0.433	0.494	1528	0.318	0.316	0.306	0.307	4530	0.345	0.318	0.326	4530	Trained with only a set of important features
66	26-Jan-2021-02:05:21	1.57 sec	LogisticRegression	18809	14279	4530	8	10	10	0.01	-	-	-	-	0.224	0.194	0.208	1017	0.176	0.206	0.19	1053	0.293	0.4	0.338	932	0.576	0.43	0.492	1528	0.319	0.317	0.307	0.307	4530	0.346	0.319	0.326	4530	Trained with only a set of important features
67	26-Jan-2021-02:05:23	1.57 sec	LogisticRegression	18809	14279	4530	9	10	10	0.01	-	-	-	-	0.221	0.189	0.204	1017	0.175	0.204	0.188	1053	0.295	0.412	0.344	932	0.576	0.427	0.49	1528	0.319	0.317	0.308	0.307	4530	0.345	0.319	0.326	4530	Trained with only a set of important features
68	26-Jan-2021-02:05:25	2.33 sec	LogisticRegression	18809	14279	4530	10	10	10	0.01	-	-	-	-	0.222	0.186	0.202	1017	0.174	0.203	0.187	1053	0.302	0.428	0.354	932	0.579	0.426	0.491	1528	0.321	0.319	0.311	0.309	4530	0.347	0.321	0.327	4530	Trained with only a set of important features
56	08-Feb-2021-23:32:07	18.15 sec	SVC	30809	26279	4530	-	-	-	-	1	rbf	3	-1	0.322	0.057	0.097	1017	0.061	0.069	0.065	1053	0.402	0.905	0.557	932	0.638	0.445	0.524	1528	0.365	0.356	0.369	0.311	4530	0.385	0.365	0.328	4530	Added 3000 artificial GAN instances per dialect to train data
57	08-Feb-2021-23:37:51	6.0 sec	LogisticRegression	30809	26279	4530	1	50	10	0.01	-	-	-	-	0.215	0.317	0.256	1017	0.212	0.186	0.198	1053	0.248	0.224	0.235	932	0.519	0.429	0.47	1528	0.305	0.298	0.289	0.29	4530	0.324	0.305	0.311	4530	Added 3000 artificial GAN instances per dialect to train data
58	08-Feb-2021-23:37:57	6.59 sec	LogisticRegression	30809	26279	4530	2	50	10	0.01	-	-	-	-	0.219	0.305	0.255	1017	0.175	0.155	0.164	1053	0.251	0.25	0.25	932	0.497	0.407	0.447	1528	0.293	0.285	0.279	0.279	4530	0.309	0.293	0.298	4530	Added 3000 artificial GAN instances per dialect to train data
59	08-Feb-2021-23:38:03	5.23 sec	LogisticRegression	30809	26279	4530	3	50	10	0.01	-	-	-	-	0.232	0.306	0.264	1017	0.156	0.139	0.147	1053	0.25	0.277	0.263	932	0.496	0.397	0.441	1528	0.292	0.283	0.279	0.278	4530	0.307	0.292	0.296	4530	Added 3000 artificial GAN instances per dialect to train data
60	08-Feb-2021-23:38:08	4.82 sec	LogisticRegression	30809	26279	4530	4	50	10	0.01	-	-	-	-	0.24	0.3	0.266	1017	0.143	0.126	0.134	1053	0.248	0.296	0.27	932	0.488	0.387	0.432	1528	0.288	0.28	0.277	0.276	4530	0.303	0.288	0.292	4530	Added 3000 artificial GAN instances per dialect to train data
61	08-Feb-2021-23:38:13	5.41 sec	LogisticRegression	30809	26279	4530	5	50	10	0.01	-	-	-	-	0.254	0.304	0.277	1017	0.133	0.118	0.125	1053	0.25	0.318	0.28	932	0.485	0.38	0.426	1528	0.289	0.281	0.28	0.277	4530	0.303	0.289	0.293	4530	Added 3000 artificial GAN instances per dialect to train data
62	08-Feb-2021-23:38:19	4.86 sec	LogisticRegression	30809	26279	4530	6	50	10	0.01	-	-	-	-	0.263	0.305	0.282	1017	0.124	0.109	0.116	1053	0.247	0.325	0.28	932	0.482	0.376	0.423	1528	0.288	0.279	0.279	0.275	4530	0.301	0.288	0.291	4530	Added 3000 artificial GAN instances per dialect to train data
63	08-Feb-2021-23:38:24	4.81 sec	LogisticRegression	30809	26279	4530	7	50	10	0.01	-	-	-	-	0.272	0.303	0.287	1017	0.118	0.105	0.112	1053	0.247	0.335	0.284	932	0.482	0.377	0.423	1528	0.289	0.28	0.28	0.276	4530	0.302	0.289	0.291	4530	Added 3000 artificial GAN instances per dialect to train data
64	08-Feb-2021-23:38:28	4.93 sec	LogisticRegression	30809	26279	4530	8	50	10	0.01	-	-	-	-	0.274	0.297	0.285	1017	0.114	0.103	0.108	1053	0.249	0.347	0.29	932	0.478	0.372	0.418	1528	0.287	0.279	0.279	0.275	4530	0.301	0.287	0.29	4530	Added 3000 artificial GAN instances per dialect to train data
65	08-Feb-2021-23:38:33	4.96 sec	LogisticRegression	30809	26279	4530	9	50	10	0.01	-	-	-	-	0.28	0.299	0.289	1017	0.109	0.097	0.102	1053	0.25	0.354	0.293	932	0.476	0.37	0.416	1528	0.287	0.279	0.28	0.275	4530	0.3	0.287	0.289	4530	Added 3000 artificial GAN instances per dialect to train data
66	08-Feb-2021-23:38:38	6.31 sec	LogisticRegression	30809	26279	4530	10	50	10	0.01	-	-	-	-	0.286	0.299	0.292	1017	0.105	0.094	0.099	1053	0.251	0.363	0.297	932	0.472	0.366	0.412	1528	0.287	0.279	0.28	0.275	4530	0.3	0.287	0.289	4530	Added 3000 artificial GAN instances per dialect to train data
67	08-Feb-2021-23:38:45	5.75 sec	LogisticRegression	30809	26279	4530	11	50	10	0.01	-	-	-	-	0.29	0.298	0.294	1017	0.101	0.089	0.095	1053	0.254	0.376	0.303	932	0.467	0.358	0.405	1528	0.286	0.278	0.28	0.274	4530	0.298	0.286	0.287	4530	Added 3000 artificial GAN instances per dialect to train data
68	08-Feb-2021-23:38:50	5.52 sec	LogisticRegression	30809	26279	4530	12	50	10	0.01	-	-	-	-	0.295	0.3	0.297	1017	0.097	0.085	0.091	1053	0.257	0.384	0.308	932	0.468	0.358	0.405	1528	0.287	0.279	0.282	0.275	4530	0.299	0.287	0.288	4530	Added 3000 artificial GAN instances per dialect to train data
69	08-Feb-2021-23:38:56	5.04 sec	LogisticRegression	30809	26279	4530	13	50	10	0.01	-	-	-	-	0.296	0.297	0.297	1017	0.093	0.083	0.088	1053	0.257	0.388	0.309	932	0.469	0.36	0.407	1528	0.287	0.279	0.282	0.275	4530	0.299	0.287	0.288	4530	Added 3000 artificial GAN instances per dialect to train data
70	08-Feb-2021-23:39:01	5.08 sec	LogisticRegression	30809	26279	4530	14	50	10	0.01	-	-	-	-	0.297	0.294	0.295	1017	0.092	0.082	0.087	1053	0.256	0.391	0.309	932	0.472	0.36	0.408	1528	0.287	0.279	0.282	0.275	4530	0.3	0.287	0.288	4530	Added 3000 artificial GAN instances per dialect to train data
71	08-Feb-2021-23:39:06	4.27 sec	LogisticRegression	30809	26279	4530	15	50	10	0.01	-	-	-	-	0.298	0.291	0.294	1017	0.091	0.081	0.086	1053	0.256	0.398	0.312	932	0.475	0.36	0.41	1528	0.287	0.28	0.282	0.275	4530	0.301	0.287	0.288	4530	Added 3000 artificial GAN instances per dialect to train data
72	08-Feb-2021-23:39:10	4.67 sec	LogisticRegression	30809	26279	4530	16	50	10	0.01	-	-	-	-	0.297	0.286	0.291	1017	0.09	0.08	0.085	1053	0.255	0.4	0.311	932	0.474	0.358	0.408	1528	0.286	0.279	0.281	0.274	4530	0.3	0.286	0.287	4530	Added 3000 artificial GAN instances per dialect to train data
73	08-Feb-2021-23:39:15	4.41 sec	LogisticRegression	30809	26279	4530	17	50	10	0.01	-	-	-	-	0.299	0.283	0.291	1017	0.088	0.078	0.082	1053	0.257	0.407	0.315	932	0.474	0.358	0.408	1528	0.286	0.279	0.281	0.274	4530	0.3	0.286	0.287	4530	Added 3000 artificial GAN instances per dialect to train data
74	08-Feb-2021-23:39:19	4.55 sec	LogisticRegression	30809	26279	4530	18	50	10	0.01	-	-	-	-	0.301	0.282	0.291	1017	0.083	0.074	0.078	1053	0.258	0.413	0.318	932	0.473	0.356	0.406	1528	0.286	0.279	0.281	0.273	4530	0.3	0.286	0.286	4530	Added 3000 artificial GAN instances per dialect to train data
75	08-Feb-2021-23:39:24	4.32 sec	LogisticRegression	30809	26279	4530	19	50	10	0.01	-	-	-	-	0.298	0.276	0.287	1017	0.079	0.07	0.074	1053	0.257	0.414	0.317	932	0.472	0.353	0.404	1528	0.283	0.276	0.279	0.271	4530	0.297	0.283	0.283	4530	Added 3000 artificial GAN instances per dialect to train data
76	08-Feb-2021-23:39:28	4.89 sec	LogisticRegression	30809	26279	4530	20	50	10	0.01	-	-	-	-	0.3	0.277	0.288	1017	0.078	0.069	0.073	1053	0.255	0.414	0.316	932	0.473	0.352	0.404	1528	0.282	0.276	0.278	0.27	4530	0.297	0.282	0.283	4530	Added 3000 artificial GAN instances per dialect to train data
77	08-Feb-2021-23:39:33	3.74 sec	LogisticRegression	30809	26279	4530	21	50	10	0.01	-	-	-	-	0.3	0.275	0.287	1017	0.076	0.067	0.071	1053	0.256	0.417	0.317	932	0.472	0.353	0.404	1528	0.282	0.276	0.278	0.27	4530	0.297	0.282	0.283	4530	Added 3000 artificial GAN instances per dialect to train data
78	08-Feb-2021-23:39:37	4.73 sec	LogisticRegression	30809	26279	4530	22	50	10	0.01	-	-	-	-	0.3	0.272	0.286	1017	0.075	0.066	0.07	1053	0.257	0.423	0.319	932	0.471	0.349	0.401	1528	0.281	0.276	0.278	0.269	4530	0.296	0.281	0.282	4530	Added 3000 artificial GAN instances per dialect to train data
79	08-Feb-2021-23:39:42	4.92 sec	LogisticRegression	30809	26279	4530	23	50	10	0.01	-	-	-	-	0.302	0.271	0.286	1017	0.072	0.064	0.067	1053	0.257	0.426	0.321	932	0.473	0.351	0.403	1528	0.282	0.276	0.278	0.269	4530	0.297	0.282	0.282	4530	Added 3000 artificial GAN instances per dialect to train data
80	08-Feb-2021-23:39:46	4.09 sec	LogisticRegression	30809	26279	4530	24	50	10	0.01	-	-	-	-	0.304	0.271	0.287	1017	0.072	0.064	0.067	1053	0.259	0.43	0.323	932	0.475	0.353	0.405	1528	0.283	0.277	0.28	0.27	4530	0.298	0.283	0.283	4530	Added 3000 artificial GAN instances per dialect to train data
81	08-Feb-2021-23:39:51	3.86 sec	LogisticRegression	30809	26279	4530	25	50	10	0.01	-	-	-	-	0.303	0.268	0.285	1017	0.072	0.065	0.068	1053	0.258	0.432	0.324	932	0.476	0.352	0.405	1528	0.283	0.277	0.279	0.27	4530	0.299	0.283	0.283	4530	Added 3000 artificial GAN instances per dialect to train data
82	08-Feb-2021-23:39:54	3.58 sec	LogisticRegression	30809	26279	4530	26	50	10	0.01	-	-	-	-	0.303	0.265	0.283	1017	0.071	0.064	0.067	1053	0.258	0.435	0.324	932	0.475	0.351	0.404	1528	0.282	0.277	0.279	0.269	4530	0.298	0.282	0.282	4530	Added 3000 artificial GAN instances per dialect to train data
83	08-Feb-2021-23:39:58	3.69 sec	LogisticRegression	30809	26279	4530	27	50	10	0.01	-	-	-	-	0.304	0.265	0.283	1017	0.07	0.063	0.066	1053	0.259	0.436	0.325	932	0.475	0.353	0.405	1528	0.283	0.277	0.279	0.27	4530	0.298	0.283	0.282	4530	Added 3000 artificial GAN instances per dialect to train data
84	08-Feb-2021-23:40:02	3.49 sec	LogisticRegression	30809	26279	4530	28	50	10	0.01	-	-	-	-	0.305	0.265	0.283	1017	0.068	0.061	0.064	1053	0.26	0.439	0.326	932	0.474	0.351	0.403	1528	0.282	0.277	0.279	0.269	4530	0.298	0.282	0.282	4530	Added 3000 artificial GAN instances per dialect to train data
85	08-Feb-2021-23:40:05	3.66 sec	LogisticRegression	30809	26279	4530	29	50	10	0.01	-	-	-	-	0.304	0.261	0.281	1017	0.068	0.061	0.064	1053	0.259	0.441	0.327	932	0.478	0.354	0.407	1528	0.283	0.277	0.279	0.27	4530	0.299	0.283	0.282	4530	Added 3000 artificial GAN instances per dialect to train data
86	08-Feb-2021-23:40:09	3.56 sec	LogisticRegression	30809	26279	4530	30	50	10	0.01	-	-	-	-	0.304	0.258	0.279	1017	0.068	0.061	0.064	1053	0.261	0.447	0.33	932	0.48	0.355	0.408	1528	0.284	0.278	0.28	0.27	4530	0.3	0.284	0.283	4530	Added 3000 artificial GAN instances per dialect to train data
87	08-Feb-2021-23:40:12	3.88 sec	LogisticRegression	30809	26279	4530	31	50	10	0.01	-	-	-	-	0.305	0.257	0.279	1017	0.068	0.061	0.064	1053	0.262	0.451	0.332	932	0.482	0.357	0.411	1528	0.285	0.279	0.281	0.271	4530	0.301	0.285	0.284	4530	Added 3000 artificial GAN instances per dialect to train data
88	08-Feb-2021-23:40:16	3.7 sec	LogisticRegression	30809	26279	4530	32	50	10	0.01	-	-	-	-	0.305	0.256	0.278	1017	0.068	0.061	0.064	1053	0.262	0.453	0.332	932	0.485	0.359	0.412	1528	0.286	0.28	0.282	0.272	4530	0.302	0.286	0.285	4530	Added 3000 artificial GAN instances per dialect to train data
89	08-Feb-2021-23:40:20	3.13 sec	LogisticRegression	30809	26279	4530	33	50	10	0.01	-	-	-	-	0.306	0.254	0.277	1017	0.067	0.06	0.063	1053	0.264	0.458	0.335	932	0.486	0.359	0.413	1528	0.286	0.281	0.283	0.272	4530	0.303	0.286	0.285	4530	Added 3000 artificial GAN instances per dialect to train data
90	08-Feb-2021-23:40:23	3.77 sec	LogisticRegression	30809	26279	4530	34	50	10	0.01	-	-	-	-	0.307	0.253	0.277	1017	0.067	0.06	0.063	1053	0.265	0.46	0.336	932	0.489	0.361	0.416	1528	0.287	0.282	0.284	0.273	4530	0.304	0.287	0.286	4530	Added 3000 artificial GAN instances per dialect to train data
91	08-Feb-2021-23:40:27	4.31 sec	LogisticRegression	30809	26279	4530	35	50	10	0.01	-	-	-	-	0.309	0.252	0.277	1017	0.067	0.06	0.063	1053	0.265	0.462	0.337	932	0.49	0.363	0.417	1528	0.288	0.283	0.284	0.274	4530	0.305	0.288	0.287	4530	Added 3000 artificial GAN instances per dialect to train data
92	08-Feb-2021-23:40:31	3.95 sec	LogisticRegression	30809	26279	4530	36	50	10	0.01	-	-	-	-	0.31	0.252	0.278	1017	0.066	0.059	0.062	1053	0.266	0.466	0.339	932	0.492	0.363	0.418	1528	0.289	0.283	0.285	0.274	4530	0.305	0.289	0.287	4530	Added 3000 artificial GAN instances per dialect to train data
93	08-Feb-2021-23:40:35	4.82 sec	LogisticRegression	30809	26279	4530	37	50	10	0.01	-	-	-	-	0.311	0.25	0.277	1017	0.066	0.059	0.062	1053	0.266	0.468	0.339	932	0.493	0.365	0.42	1528	0.289	0.284	0.285	0.275	4530	0.306	0.289	0.288	4530	Added 3000 artificial GAN instances per dialect to train data
94	08-Feb-2021-23:40:40	3.97 sec	LogisticRegression	30809	26279	4530	38	50	10	0.01	-	-	-	-	0.311	0.248	0.276	1017	0.066	0.059	0.062	1053	0.266	0.47	0.34	932	0.493	0.365	0.419	1528	0.289	0.284	0.285	0.274	4530	0.306	0.289	0.288	4530	Added 3000 artificial GAN instances per dialect to train data
95	08-Feb-2021-23:40:44	3.94 sec	LogisticRegression	30809	26279	4530	39	50	10	0.01	-	-	-	-	0.313	0.247	0.276	1017	0.066	0.059	0.062	1053	0.269	0.477	0.344	932	0.494	0.366	0.42	1528	0.291	0.286	0.287	0.276	4530	0.308	0.291	0.289	4530	Added 3000 artificial GAN instances per dialect to train data
96	08-Feb-2021-23:40:48	3.56 sec	LogisticRegression	30809	26279	4530	40	50	10	0.01	-	-	-	-	0.312	0.244	0.274	1017	0.066	0.059	0.062	1053	0.269	0.48	0.345	932	0.496	0.367	0.422	1528	0.291	0.286	0.287	0.276	4530	0.308	0.291	0.289	4530	Added 3000 artificial GAN instances per dialect to train data
97	08-Feb-2021-23:40:51	4.61 sec	LogisticRegression	30809	26279	4530	41	50	10	0.01	-	-	-	-	0.312	0.243	0.273	1017	0.066	0.059	0.062	1053	0.269	0.481	0.345	932	0.498	0.368	0.423	1528	0.291	0.286	0.288	0.276	4530	0.309	0.291	0.29	4530	Added 3000 artificial GAN instances per dialect to train data
98	08-Feb-2021-23:40:56	3.67 sec	LogisticRegression	30809	26279	4530	42	50	10	0.01	-	-	-	-	0.314	0.243	0.274	1017	0.066	0.059	0.062	1053	0.269	0.482	0.345	932	0.5	0.37	0.425	1528	0.292	0.287	0.288	0.277	4530	0.31	0.292	0.29	4530	Added 3000 artificial GAN instances per dialect to train data
99	08-Feb-2021-23:41:00	3.93 sec	LogisticRegression	30809	26279	4530	43	50	10	0.01	-	-	-	-	0.315	0.242	0.274	1017	0.066	0.059	0.062	1053	0.27	0.486	0.347	932	0.501	0.37	0.426	1528	0.293	0.288	0.289	0.277	4530	0.311	0.293	0.291	4530	Added 3000 artificial GAN instances per dialect to train data
100	08-Feb-2021-23:41:04	3.73 sec	LogisticRegression	30809	26279	4530	44	50	10	0.01	-	-	-	-	0.316	0.242	0.274	1017	0.066	0.059	0.062	1053	0.269	0.486	0.347	932	0.503	0.372	0.428	1528	0.294	0.289	0.29	0.278	4530	0.311	0.294	0.292	4530	Added 3000 artificial GAN instances per dialect to train data
101	08-Feb-2021-23:41:07	3.11 sec	LogisticRegression	30809	26279	4530	45	50	10	0.01	-	-	-	-	0.317	0.241	0.274	1017	0.066	0.059	0.062	1053	0.27	0.489	0.348	932	0.503	0.372	0.428	1528	0.294	0.289	0.29	0.278	4530	0.312	0.294	0.292	4530	Added 3000 artificial GAN instances per dialect to train data
102	08-Feb-2021-23:41:10	4.59 sec	LogisticRegression	30809	26279	4530	46	50	10	0.01	-	-	-	-	0.319	0.241	0.275	1017	0.066	0.059	0.062	1053	0.271	0.491	0.349	932	0.503	0.373	0.428	1528	0.295	0.29	0.291	0.279	4530	0.312	0.295	0.292	4530	Added 3000 artificial GAN instances per dialect to train data
103	08-Feb-2021-23:41:15	3.76 sec	LogisticRegression	30809	26279	4530	47	50	10	0.01	-	-	-	-	0.32	0.24	0.274	1017	0.065	0.058	0.061	1053	0.271	0.494	0.35	932	0.504	0.374	0.43	1528	0.295	0.29	0.291	0.279	4530	0.313	0.295	0.293	4530	Added 3000 artificial GAN instances per dialect to train data
104	08-Feb-2021-23:41:19	4.09 sec	LogisticRegression	30809	26279	4530	48	50	10	0.01	-	-	-	-	0.321	0.239	0.274	1017	0.065	0.058	0.061	1053	0.272	0.497	0.352	932	0.506	0.376	0.432	1528	0.296	0.291	0.292	0.28	4530	0.314	0.296	0.294	4530	Added 3000 artificial GAN instances per dialect to train data
105	08-Feb-2021-23:41:23	3.52 sec	LogisticRegression	30809	26279	4530	49	50	10	0.01	-	-	-	-	0.32	0.238	0.273	1017	0.065	0.058	0.061	1053	0.273	0.498	0.353	932	0.507	0.378	0.433	1528	0.297	0.291	0.293	0.28	4530	0.314	0.297	0.294	4530	Added 3000 artificial GAN instances per dialect to train data
106	08-Feb-2021-23:41:26	3.81 sec	LogisticRegression	30809	26279	4530	50	50	10	0.01	-	-	-	-	0.32	0.237	0.272	1017	0.065	0.058	0.061	1053	0.273	0.499	0.353	932	0.506	0.378	0.433	1528	0.297	0.291	0.293	0.28	4530	0.314	0.297	0.294	4530	Added 3000 artificial GAN instances per dialect to train data
107	08-Feb-2021-23:43:12	1.1 sec	LogisticRegression	30809	26279	4530	1	10	10	0.01	-	-	-	-	0.173	0.308	0.221	1017	0.156	0.134	0.144	1053	0.207	0.166	0.185	932	0.472	0.33	0.388	1528	0.246	0.252	0.234	0.235	4530	0.277	0.246	0.252	4530	Added 3000 artificial GAN instances per dialect to train data
108	08-Feb-2021-23:43:14	1.18 sec	LogisticRegression	30809	26279	4530	2	10	10	0.01	-	-	-	-	0.19	0.305	0.234	1017	0.141	0.122	0.13	1053	0.219	0.207	0.213	932	0.469	0.34	0.394	1528	0.254	0.255	0.243	0.243	4530	0.279	0.254	0.26	4530	Added 3000 artificial GAN instances per dialect to train data
109	08-Feb-2021-23:43:15	1.54 sec	LogisticRegression	30809	26279	4530	3	10	10	0.01	-	-	-	-	0.202	0.303	0.242	1017	0.126	0.109	0.117	1053	0.219	0.23	0.224	932	0.468	0.34	0.394	1528	0.255	0.254	0.245	0.244	4530	0.278	0.255	0.261	4530	Added 3000 artificial GAN instances per dialect to train data
110	08-Feb-2021-23:43:16	0.94 sec	LogisticRegression	30809	26279	4530	4	10	10	0.01	-	-	-	-	0.214	0.301	0.25	1017	0.124	0.109	0.116	1053	0.225	0.259	0.241	932	0.471	0.341	0.396	1528	0.261	0.259	0.252	0.251	4530	0.282	0.261	0.266	4530	Added 3000 artificial GAN instances per dialect to train data
111	08-Feb-2021-23:43:17	1.79 sec	LogisticRegression	30809	26279	4530	5	10	10	0.01	-	-	-	-	0.227	0.303	0.259	1017	0.118	0.104	0.111	1053	0.233	0.281	0.255	932	0.471	0.343	0.397	1528	0.266	0.262	0.258	0.255	4530	0.285	0.266	0.27	4530	Added 3000 artificial GAN instances per dialect to train data
112	08-Feb-2021-23:43:19	0.93 sec	LogisticRegression	30809	26279	4530	6	10	10	0.01	-	-	-	-	0.237	0.302	0.266	1017	0.109	0.097	0.102	1053	0.236	0.297	0.263	932	0.467	0.343	0.396	1528	0.267	0.262	0.26	0.257	4530	0.285	0.267	0.271	4530	Added 3000 artificial GAN instances per dialect to train data
113	08-Feb-2021-23:43:20	1.37 sec	LogisticRegression	30809	26279	4530	7	10	10	0.01	-	-	-	-	0.244	0.301	0.269	1017	0.105	0.094	0.099	1053	0.239	0.311	0.27	932	0.465	0.339	0.392	1528	0.268	0.263	0.261	0.258	4530	0.285	0.268	0.271	4530	Added 3000 artificial GAN instances per dialect to train data
114	08-Feb-2021-23:43:21	1.34 sec	LogisticRegression	30809	26279	4530	8	10	10	0.01	-	-	-	-	0.249	0.298	0.271	1017	0.103	0.093	0.098	1053	0.243	0.324	0.278	932	0.464	0.338	0.391	1528	0.269	0.264	0.263	0.259	4530	0.286	0.269	0.273	4530	Added 3000 artificial GAN instances per dialect to train data
115	08-Feb-2021-23:43:23	0.94 sec	LogisticRegression	30809	26279	4530	9	10	10	0.01	-	-	-	-	0.256	0.299	0.276	1017	0.097	0.087	0.092	1053	0.242	0.334	0.281	932	0.465	0.338	0.391	1528	0.27	0.265	0.264	0.26	4530	0.287	0.27	0.273	4530	Added 3000 artificial GAN instances per dialect to train data
116	08-Feb-2021-23:43:24	1.77 sec	LogisticRegression	30809	26279	4530	10	10	10	0.01	-	-	-	-	0.265	0.304	0.283	1017	0.093	0.084	0.088	1053	0.243	0.34	0.283	932	0.463	0.336	0.39	1528	0.271	0.266	0.266	0.261	4530	0.287	0.271	0.274	4530	Added 3000 artificial GAN instances per dialect to train data
117	08-Feb-2021-23:51:29	1.09 sec	LogisticRegression	16530	12000	4530	1	10	10	0.01	-	-	-	-	0.07	0.158	0.097	1017	0.371	0.124	0.186	1053	0.026	0.026	0.026	932	0.182	0.113	0.14	1528	0.108	0.162	0.105	0.112	4530	0.169	0.108	0.118	4530	Only used 3000 artificial GAN instances per dialect as train data
118	08-Feb-2021-23:51:30	0.71 sec	LogisticRegression	16530	12000	4530	2	10	10	0.01	-	-	-	-	0.081	0.18	0.111	1017	0.266	0.116	0.161	1053	0.019	0.019	0.019	932	0.205	0.113	0.146	1528	0.109	0.142	0.107	0.109	4530	0.153	0.109	0.116	4530	Only used 3000 artificial GAN instances per dialect as train data
119	08-Feb-2021-23:51:31	0.5 sec	LogisticRegression	16530	12000	4530	3	10	10	0.01	-	-	-	-	0.081	0.175	0.11	1017	0.232	0.111	0.15	1053	0.022	0.025	0.023	932	0.223	0.114	0.151	1528	0.109	0.139	0.106	0.109	4530	0.152	0.109	0.115	4530	Only used 3000 artificial GAN instances per dialect as train data
120	08-Feb-2021-23:51:31	0.5 sec	LogisticRegression	16530	12000	4530	4	10	10	0.01	-	-	-	-	0.08	0.172	0.11	1017	0.226	0.113	0.151	1053	0.024	0.028	0.026	932	0.235	0.115	0.154	1528	0.109	0.141	0.107	0.11	4530	0.155	0.109	0.117	4530	Only used 3000 artificial GAN instances per dialect as train data
121	08-Feb-2021-23:51:32	0.78 sec	LogisticRegression	16530	12000	4530	5	10	10	0.01	-	-	-	-	0.08	0.167	0.108	1017	0.226	0.118	0.155	1053	0.027	0.032	0.029	932	0.247	0.116	0.158	1528	0.111	0.145	0.108	0.112	4530	0.159	0.111	0.119	4530	Only used 3000 artificial GAN instances per dialect as train data
122	08-Feb-2021-23:51:33	1.03 sec	LogisticRegression	16530	12000	4530	6	10	10	0.01	-	-	-	-	0.081	0.168	0.109	1017	0.221	0.118	0.154	1053	0.028	0.034	0.031	932	0.262	0.12	0.165	1528	0.113	0.148	0.11	0.115	4530	0.164	0.113	0.122	4530	Only used 3000 artificial GAN instances per dialect as train data
123	08-Feb-2021-23:51:34	0.49 sec	LogisticRegression	16530	12000	4530	7	10	10	0.01	-	-	-	-	0.082	0.171	0.111	1017	0.216	0.118	0.153	1053	0.029	0.035	0.032	932	0.267	0.12	0.166	1528	0.114	0.149	0.111	0.115	4530	0.165	0.114	0.123	4530	Only used 3000 artificial GAN instances per dialect as train data
124	08-Feb-2021-23:51:34	0.49 sec	LogisticRegression	16530	12000	4530	8	10	10	0.01	-	-	-	-	0.084	0.173	0.113	1017	0.214	0.118	0.152	1053	0.029	0.036	0.032	932	0.272	0.121	0.167	1528	0.115	0.15	0.112	0.116	4530	0.166	0.115	0.124	4530	Only used 3000 artificial GAN instances per dialect as train data
125	08-Feb-2021-23:51:35	0.5 sec	LogisticRegression	16530	12000	4530	9	10	10	0.01	-	-	-	-	0.084	0.173	0.113	1017	0.211	0.117	0.15	1053	0.031	0.04	0.035	932	0.274	0.121	0.168	1528	0.115	0.15	0.113	0.117	4530	0.167	0.115	0.124	4530	Only used 3000 artificial GAN instances per dialect as train data
126	08-Feb-2021-23:51:35	0.99 sec	LogisticRegression	16530	12000	4530	10	10	10	0.01	-	-	-	-	0.085	0.174	0.114	1017	0.211	0.117	0.15	1053	0.032	0.041	0.036	932	0.278	0.122	0.169	1528	0.116	0.151	0.113	0.117	4530	0.168	0.116	0.125	4530	Only used 3000 artificial GAN instances per dialect as train data
127	09-Feb-2021-01:13:33	15.49 sec	SVC	28809	24279	4530	-	-	-	-	1	rbf	3	-1	0.455	0.054	0.097	1017	0.053	0.048	0.051	1053	0.349	0.849	0.494	932	0.757	0.587	0.661	1528	0.396	0.403	0.385	0.326	4530	0.442	0.396	0.358	4530	Added 2500 artificial GAN (new version with more dropout) instances per dialect to train data
128	09-Feb-2021-01:21:16	0.95 sec	LogisticRegression	28809	24279	4530	1	10	10	0.01	-	-	-	-	0.184	0.194	0.189	1017	0.101	0.081	0.09	1053	0.313	0.473	0.377	932	0.763	0.602	0.673	1528	0.363	0.34	0.337	0.332	4530	0.387	0.363	0.368	4530	Added 2500 artificial GAN (new version with more dropout) instances per dialect to train data
129	09-Feb-2021-01:21:16	0.92 sec	LogisticRegression	28809	24279	4530	2	10	10	0.01	-	-	-	-	0.205	0.198	0.201	1017	0.112	0.087	0.098	1053	0.304	0.491	0.375	932	0.777	0.621	0.69	1528	0.375	0.35	0.349	0.341	4530	0.397	0.375	0.378	4530	Added 2500 artificial GAN (new version with more dropout) instances per dialect to train data
130	09-Feb-2021-01:21:17	0.94 sec	LogisticRegression	28809	24279	4530	3	10	10	0.01	-	-	-	-	0.212	0.191	0.201	1017	0.117	0.09	0.102	1053	0.303	0.515	0.381	932	0.789	0.628	0.699	1528	0.381	0.355	0.356	0.346	4530	0.403	0.381	0.383	4530	Added 2500 artificial GAN (new version with more dropout) instances per dialect to train data
131	09-Feb-2021-01:21:18	0.91 sec	LogisticRegression	28809	24279	4530	4	10	10	0.01	-	-	-	-	0.216	0.186	0.2	1017	0.119	0.09	0.102	1053	0.298	0.524	0.38	932	0.794	0.634	0.705	1528	0.384	0.357	0.358	0.347	4530	0.405	0.384	0.385	4530	Added 2500 artificial GAN (new version with more dropout) instances per dialect to train data
132	09-Feb-2021-01:21:19	0.89 sec	LogisticRegression	28809	24279	4530	5	10	10	0.01	-	-	-	-	0.218	0.18	0.197	1017	0.118	0.088	0.101	1053	0.295	0.534	0.38	932	0.795	0.634	0.705	1528	0.385	0.357	0.359	0.346	4530	0.405	0.385	0.384	4530	Added 2500 artificial GAN (new version with more dropout) instances per dialect to train data
133	09-Feb-2021-01:21:20	0.89 sec	LogisticRegression	28809	24279	4530	6	10	10	0.01	-	-	-	-	0.219	0.176	0.195	1017	0.118	0.086	0.1	1053	0.294	0.543	0.381	932	0.8	0.637	0.709	1528	0.386	0.358	0.361	0.346	4530	0.407	0.386	0.385	4530	Added 2500 artificial GAN (new version with more dropout) instances per dialect to train data
134	09-Feb-2021-01:21:21	0.89 sec	LogisticRegression	28809	24279	4530	7	10	10	0.01	-	-	-	-	0.224	0.175	0.197	1017	0.119	0.086	0.1	1053	0.291	0.549	0.38	932	0.802	0.635	0.709	1528	0.387	0.359	0.361	0.346	4530	0.408	0.387	0.385	4530	Added 2500 artificial GAN (new version with more dropout) instances per dialect to train data
135	09-Feb-2021-01:21:22	0.9 sec	LogisticRegression	28809	24279	4530	8	10	10	0.01	-	-	-	-	0.224	0.17	0.193	1017	0.116	0.083	0.096	1053	0.288	0.556	0.379	932	0.805	0.634	0.709	1528	0.386	0.358	0.361	0.345	4530	0.408	0.386	0.383	4530	Added 2500 artificial GAN (new version with more dropout) instances per dialect to train data
136	09-Feb-2021-01:21:23	0.9 sec	LogisticRegression	28809	24279	4530	9	10	10	0.01	-	-	-	-	0.224	0.166	0.191	1017	0.111	0.079	0.092	1053	0.287	0.563	0.38	932	0.804	0.632	0.707	1528	0.385	0.357	0.36	0.343	4530	0.406	0.385	0.381	4530	Added 2500 artificial GAN (new version with more dropout) instances per dialect to train data
137	09-Feb-2021-01:21:24	0.89 sec	LogisticRegression	28809	24279	4530	10	10	10	0.01	-	-	-	-	0.222	0.161	0.187	1017	0.111	0.078	0.092	1053	0.286	0.568	0.38	932	0.804	0.634	0.709	1528	0.385	0.356	0.36	0.342	4530	0.406	0.385	0.381	4530	Added 2500 artificial GAN (new version with more dropout) instances per dialect to train data
138	09-Feb-2021-01:29:45	3.78 sec	SVC	14530	10000	4530	-	-	-	-	1	rbf	3	-1	0.34	0.064	0.108	1017	0.06	0.003	0.005	1053	0.265	0.832	0.402	932	0.827	0.738	0.78	1528	0.435	0.373	0.409	0.324	4530	0.424	0.435	0.371	4530	Only used 2500 artificial GAN (new version with more dropout) instances per dialect as train data
139	09-Feb-2021-01:31:43	0.46 sec	LogisticRegression	14530	10000	4530	1	10	10	0.01	-	-	-	-	0.136	0.152	0.144	1017	0.056	0.022	0.031	1053	0.1	0.177	0.128	932	0.884	0.77	0.823	1528	0.336	0.294	0.28	0.282	4530	0.362	0.336	0.344	4530	Only used 2500 artificial GAN (new version with more dropout) instances per dialect as train data
140	09-Feb-2021-01:31:44	0.45 sec	LogisticRegression	14530	10000	4530	2	10	10	0.01	-	-	-	-	0.151	0.164	0.157	1017	0.065	0.026	0.037	1053	0.12	0.215	0.154	932	0.89	0.778	0.83	1528	0.349	0.306	0.296	0.294	4530	0.374	0.349	0.356	4530	Only used 2500 artificial GAN (new version with more dropout) instances per dialect as train data
141	09-Feb-2021-01:31:44	0.45 sec	LogisticRegression	14530	10000	4530	3	10	10	0.01	-	-	-	-	0.158	0.168	0.163	1017	0.072	0.028	0.041	1053	0.13	0.235	0.167	932	0.892	0.786	0.835	1528	0.358	0.313	0.304	0.302	4530	0.38	0.358	0.362	4530	Only used 2500 artificial GAN (new version with more dropout) instances per dialect as train data
142	09-Feb-2021-01:31:45	0.45 sec	LogisticRegression	14530	10000	4530	4	10	10	0.01	-	-	-	-	0.159	0.167	0.163	1017	0.077	0.03	0.044	1053	0.139	0.252	0.179	932	0.891	0.791	0.838	1528	0.363	0.317	0.31	0.306	4530	0.383	0.363	0.366	4530	Only used 2500 artificial GAN (new version with more dropout) instances per dialect as train data
143	09-Feb-2021-01:31:45	0.44 sec	LogisticRegression	14530	10000	4530	5	10	10	0.01	-	-	-	-	0.158	0.164	0.161	1017	0.077	0.03	0.044	1053	0.144	0.262	0.186	932	0.892	0.793	0.839	1528	0.365	0.317	0.312	0.307	4530	0.384	0.365	0.368	4530	Only used 2500 artificial GAN (new version with more dropout) instances per dialect as train data
144	09-Feb-2021-01:31:45	0.45 sec	LogisticRegression	14530	10000	4530	6	10	10	0.01	-	-	-	-	0.163	0.169	0.166	1017	0.076	0.03	0.043	1053	0.15	0.271	0.193	932	0.893	0.795	0.841	1528	0.369	0.32	0.317	0.311	4530	0.386	0.369	0.371	4530	Only used 2500 artificial GAN (new version with more dropout) instances per dialect as train data
145	09-Feb-2021-01:31:46	0.43 sec	LogisticRegression	14530	10000	4530	7	10	10	0.01	-	-	-	-	0.166	0.17	0.168	1017	0.077	0.031	0.045	1053	0.157	0.286	0.203	932	0.894	0.797	0.843	1528	0.373	0.324	0.321	0.315	4530	0.389	0.373	0.374	4530	Only used 2500 artificial GAN (new version with more dropout) instances per dialect as train data
146	09-Feb-2021-01:31:46	0.44 sec	LogisticRegression	14530	10000	4530	8	10	10	0.01	-	-	-	-	0.17	0.174	0.172	1017	0.084	0.034	0.049	1053	0.161	0.293	0.208	932	0.893	0.798	0.843	1528	0.377	0.327	0.325	0.318	4530	0.392	0.377	0.377	4530	Only used 2500 artificial GAN (new version with more dropout) instances per dialect as train data
147	09-Feb-2021-01:31:47	0.44 sec	LogisticRegression	14530	10000	4530	9	10	10	0.01	-	-	-	-	0.174	0.176	0.175	1017	0.086	0.035	0.05	1053	0.167	0.304	0.215	932	0.892	0.802	0.845	1528	0.381	0.33	0.329	0.321	4530	0.394	0.381	0.38	4530	Only used 2500 artificial GAN (new version with more dropout) instances per dialect as train data
148	09-Feb-2021-01:31:47	0.43 sec	LogisticRegression	14530	10000	4530	10	10	10	0.01	-	-	-	-	0.176	0.178	0.177	1017	0.089	0.037	0.052	1053	0.17	0.31	0.22	932	0.897	0.802	0.847	1528	0.383	0.333	0.332	0.324	4530	0.398	0.383	0.383	4530	Only used 2500 artificial GAN (new version with more dropout) instances per dialect as train data
149	09-Feb-2021-01:50:03	12.79 sec	SVC	28530	24000	4530	-	-	-	-	1	rbf	3	-1	0.398	0.258	0.313	1017	0.443	0.045	0.081	1053	0.271	0.767	0.401	932	0.664	0.491	0.565	1528	0.392	0.444	0.39	0.34	4530	0.472	0.392	0.362	4530	Only used 6000 artificial GAN (new version with more dropout) instances per dialect as train data
150	09-Feb-2021-01:53:46	1.56 sec	LogisticRegression	28530	24000	4530	1	10	10	0.01	-	-	-	-	0.253	0.195	0.22	1017	0.247	0.109	0.151	1053	0.257	0.468	0.332	932	0.413	0.429	0.421	1528	0.31	0.292	0.3	0.281	4530	0.306	0.31	0.295	4530	Only used 6000 artificial GAN (new version with more dropout) instances per dialect as train data
151	09-Feb-2021-01:53:48	0.9 sec	LogisticRegression	28530	24000	4530	2	10	10	0.01	-	-	-	-	0.241	0.192	0.213	1017	0.238	0.112	0.152	1053	0.279	0.489	0.355	932	0.431	0.449	0.44	1528	0.321	0.297	0.311	0.29	4530	0.312	0.321	0.305	4530	Only used 6000 artificial GAN (new version with more dropout) instances per dialect as train data
152	09-Feb-2021-01:53:48	0.89 sec	LogisticRegression	28530	24000	4530	3	10	10	0.01	-	-	-	-	0.24	0.197	0.216	1017	0.239	0.114	0.154	1053	0.29	0.495	0.366	932	0.44	0.463	0.451	1528	0.328	0.302	0.317	0.297	4530	0.318	0.328	0.312	4530	Only used 6000 artificial GAN (new version with more dropout) instances per dialect as train data
153	09-Feb-2021-01:53:49	0.9 sec	LogisticRegression	28530	24000	4530	4	10	10	0.01	-	-	-	-	0.239	0.198	0.216	1017	0.232	0.113	0.152	1053	0.301	0.501	0.376	932	0.449	0.477	0.462	1528	0.335	0.305	0.322	0.302	4530	0.321	0.335	0.317	4530	Only used 6000 artificial GAN (new version with more dropout) instances per dialect as train data
154	09-Feb-2021-01:53:50	0.88 sec	LogisticRegression	28530	24000	4530	5	10	10	0.01	-	-	-	-	0.234	0.194	0.212	1017	0.232	0.111	0.15	1053	0.307	0.502	0.381	932	0.457	0.495	0.475	1528	0.34	0.307	0.326	0.305	4530	0.324	0.34	0.321	4530	Only used 6000 artificial GAN (new version with more dropout) instances per dialect as train data
155	09-Feb-2021-01:53:51	1.17 sec	LogisticRegression	28530	24000	4530	6	10	10	0.01	-	-	-	-	0.227	0.192	0.208	1017	0.233	0.111	0.15	1053	0.313	0.501	0.385	932	0.462	0.507	0.484	1528	0.343	0.309	0.328	0.307	4530	0.325	0.343	0.324	4530	Only used 6000 artificial GAN (new version with more dropout) instances per dialect as train data
156	09-Feb-2021-01:53:52	1.46 sec	LogisticRegression	28530	24000	4530	7	10	10	0.01	-	-	-	-	0.228	0.195	0.21	1017	0.229	0.109	0.148	1053	0.32	0.506	0.393	932	0.471	0.52	0.494	1528	0.349	0.312	0.332	0.311	4530	0.329	0.349	0.329	4530	Only used 6000 artificial GAN (new version with more dropout) instances per dialect as train data
157	09-Feb-2021-01:53:54	0.89 sec	LogisticRegression	28530	24000	4530	8	10	10	0.01	-	-	-	-	0.226	0.195	0.209	1017	0.216	0.101	0.137	1053	0.327	0.512	0.399	932	0.478	0.533	0.504	1528	0.352	0.312	0.335	0.312	4530	0.329	0.352	0.331	4530	Only used 6000 artificial GAN (new version with more dropout) instances per dialect as train data
158	09-Feb-2021-01:53:55	1.68 sec	LogisticRegression	28530	24000	4530	9	10	10	0.01	-	-	-	-	0.222	0.194	0.207	1017	0.221	0.102	0.139	1053	0.337	0.519	0.408	932	0.482	0.543	0.51	1528	0.357	0.315	0.339	0.316	4530	0.333	0.357	0.335	4530	Only used 6000 artificial GAN (new version with more dropout) instances per dialect as train data
159	09-Feb-2021-01:53:56	0.95 sec	LogisticRegression	28530	24000	4530	10	10	10	0.01	-	-	-	-	0.223	0.196	0.208	1017	0.219	0.1	0.137	1053	0.342	0.523	0.413	932	0.486	0.552	0.517	1528	0.361	0.317	0.342	0.319	4530	0.335	0.361	0.338	4530	Only used 6000 artificial GAN (new version with more dropout) instances per dialect as train data
160	01-Mar-2021-16:17:29	2.5 sec	FeedForward	28809	24279	4530	1	10	10	0.01	-	-	-	-	0	0	0	1017	0	0	0	1053	0.208	1	0.345	932	0.593	0.023	0.044	1528	0.213	0.2	0.256	0.097	4530	0.243	0.213	0.086	4530	Added 2500 artificial GAN (new version with more dropout) instances per dialect to train data, hidden sizes: 64,32,16
161	01-Mar-2021-16:17:31	2.25 sec	FeedForward	28809	24279	4530	2	10	10	0.01	-	-	-	-	0.25	0.039	0.068	1017	0.132	0.005	0.009	1053	0.17	0.031	0.053	932	0.355	0.966	0.519	1528	0.342	0.226	0.26	0.162	4530	0.241	0.342	0.203	4530	Added 2500 artificial GAN (new version with more dropout) instances per dialect to train data, hidden sizes: 64,32,16
162	01-Mar-2021-16:17:34	2.21 sec	FeedForward	28809	24279	4530	3	10	10	0.01	-	-	-	-	0.279	0.081	0.125	1017	0.131	0.039	0.06	1053	0.274	0.496	0.353	932	0.537	0.786	0.638	1528	0.394	0.305	0.35	0.294	4530	0.33	0.394	0.33	4530	Added 2500 artificial GAN (new version with more dropout) instances per dialect to train data, hidden sizes: 64,32,16
163	01-Mar-2021-16:17:36	2.21 sec	FeedForward	28809	24279	4530	4	10	10	0.01	-	-	-	-	0.242	0.093	0.135	1017	0.117	0.048	0.068	1053	0.28	0.601	0.382	932	0.646	0.721	0.681	1528	0.399	0.321	0.366	0.317	4530	0.357	0.399	0.355	4530	Added 2500 artificial GAN (new version with more dropout) instances per dialect to train data, hidden sizes: 64,32,16
164	01-Mar-2021-16:17:38	2.22 sec	FeedForward	28809	24279	4530	5	10	10	0.01	-	-	-	-	0.227	0.089	0.128	1017	0.114	0.053	0.072	1053	0.287	0.653	0.399	932	0.702	0.696	0.699	1528	0.402	0.332	0.373	0.325	4530	0.373	0.402	0.364	4530	Added 2500 artificial GAN (new version with more dropout) instances per dialect to train data, hidden sizes: 64,32,16
165	01-Mar-2021-16:17:40	2.26 sec	FeedForward	28809	24279	4530	6	10	10	0.01	-	-	-	-	0.214	0.086	0.122	1017	0.106	0.05	0.068	1053	0.289	0.675	0.405	932	0.724	0.685	0.704	1528	0.401	0.333	0.374	0.325	4530	0.376	0.401	0.364	4530	Added 2500 artificial GAN (new version with more dropout) instances per dialect to train data, hidden sizes: 64,32,16
166	01-Mar-2021-16:17:43	2.47 sec	FeedForward	28809	24279	4530	7	10	10	0.01	-	-	-	-	0.207	0.084	0.119	1017	0.101	0.05	0.067	1053	0.293	0.687	0.411	932	0.736	0.679	0.706	1528	0.401	0.334	0.375	0.326	4530	0.378	0.401	0.365	4530	Added 2500 artificial GAN (new version with more dropout) instances per dialect to train data, hidden sizes: 64,32,16
167	01-Mar-2021-16:17:45	3.13 sec	FeedForward	28809	24279	4530	8	10	10	0.01	-	-	-	-	0.199	0.081	0.115	1017	0.097	0.048	0.065	1053	0.292	0.688	0.41	932	0.738	0.675	0.705	1528	0.399	0.331	0.373	0.324	4530	0.376	0.399	0.363	4530	Added 2500 artificial GAN (new version with more dropout) instances per dialect to train data, hidden sizes: 64,32,16
168	01-Mar-2021-16:17:48	2.87 sec	FeedForward	28809	24279	4530	9	10	10	0.01	-	-	-	-	0.193	0.079	0.112	1017	0.091	0.045	0.06	1053	0.294	0.691	0.412	932	0.739	0.679	0.708	1528	0.399	0.329	0.373	0.323	4530	0.374	0.399	0.362	4530	Added 2500 artificial GAN (new version with more dropout) instances per dialect to train data, hidden sizes: 64,32,16
169	01-Mar-2021-16:17:51	2.7 sec	FeedForward	28809	24279	4530	10	10	10	0.01	-	-	-	-	0.191	0.078	0.11	1017	0.084	0.041	0.055	1053	0.294	0.691	0.413	932	0.737	0.683	0.709	1528	0.4	0.327	0.373	0.322	4530	0.372	0.4	0.362	4530	Added 2500 artificial GAN (new version with more dropout) instances per dialect to train data, hidden sizes: 64,32,16
170	01-Mar-2021-16:20:45	1.9 sec	FeedForward	18809	14279	4530	1	10	10	0.01	-	-	-	-	0	0	0	1017	0	0	0	1053	0.206	1	0.341	932	0	0	0	1528	0.206	0.051	0.25	0.085	4530	0.042	0.206	0.07	4530	only original data with original split, hidden sizes: 64,32,16
171	01-Mar-2021-16:20:47	1.79 sec	FeedForward	18809	14279	4530	2	10	10	0.01	-	-	-	-	0	0	0	1017	0.195	0.194	0.194	1053	0.161	0.601	0.254	932	0	0	0	1528	0.169	0.089	0.199	0.112	4530	0.078	0.169	0.097	4530	only original data with original split, hidden sizes: 64,32,16
172	01-Mar-2021-16:20:49	1.5 sec	FeedForward	18809	14279	4530	3	10	10	0.01	-	-	-	-	0.263	0.196	0.224	1017	0.214	0.519	0.304	1053	0.148	0.143	0.145	932	0.725	0.152	0.251	1528	0.245	0.337	0.252	0.231	4530	0.384	0.245	0.235	4530	only original data with original split, hidden sizes: 64,32,16
173	01-Mar-2021-16:20:50	1.52 sec	FeedForward	18809	14279	4530	4	10	10	0.01	-	-	-	-	0.326	0.156	0.211	1017	0	0	0	1053	0.261	0.874	0.402	932	0.587	0.353	0.441	1528	0.334	0.294	0.346	0.264	4530	0.325	0.334	0.279	4530	only original data with original split, hidden sizes: 64,32,16
174	01-Mar-2021-16:20:52	1.48 sec	FeedForward	18809	14279	4530	5	10	10	0.01	-	-	-	-	0.328	0.133	0.189	1017	0	0	0	1053	0.256	0.905	0.399	932	0.573	0.309	0.401	1528	0.32	0.289	0.337	0.247	4530	0.32	0.32	0.26	4530	only original data with original split, hidden sizes: 64,32,16
175	01-Mar-2021-16:20:53	1.49 sec	FeedForward	18809	14279	4530	6	10	10	0.01	-	-	-	-	0.32	0.107	0.161	1017	0	0	0	1053	0.248	0.923	0.392	932	0.543	0.259	0.35	1528	0.301	0.278	0.322	0.226	4530	0.306	0.301	0.235	4530	only original data with original split, hidden sizes: 64,32,16
176	01-Mar-2021-16:20:55	1.5 sec	FeedForward	18809	14279	4530	7	10	10	0.01	-	-	-	-	0.331	0.098	0.152	1017	0	0	0	1053	0.244	0.94	0.387	932	0.489	0.202	0.286	1528	0.284	0.266	0.31	0.206	4530	0.289	0.284	0.21	4530	only original data with original split, hidden sizes: 64,32,16
177	01-Mar-2021-16:20:56	1.5 sec	FeedForward	18809	14279	4530	8	10	10	0.01	-	-	-	-	0.349	0.104	0.16	1017	0	0	0	1053	0.241	0.936	0.383	932	0.454	0.179	0.256	1528	0.276	0.261	0.305	0.2	4530	0.281	0.276	0.201	4530	only original data with original split, hidden sizes: 64,32,16
178	01-Mar-2021-16:20:58	1.49 sec	FeedForward	18809	14279	4530	9	10	10	0.01	-	-	-	-	0.374	0.118	0.179	1017	0	0	0	1053	0.242	0.93	0.384	932	0.442	0.183	0.258	1528	0.279	0.265	0.308	0.206	4530	0.283	0.279	0.207	4530	only original data with original split, hidden sizes: 64,32,16
179	01-Mar-2021-16:20:59	1.53 sec	FeedForward	18809	14279	4530	10	10	10	0.01	-	-	-	-	0.383	0.126	0.189	1017	0	0	0	1053	0.244	0.923	0.385	932	0.43	0.187	0.261	1528	0.281	0.264	0.309	0.209	4530	0.281	0.281	0.21	4530	only original data with original split, hidden sizes: 64,32,16
180	01-Mar-2021-16:23:50	1.69 sec	FeedForward	18809	14279	4530	1	10	10	0.01	-	-	-	-	0.455	0.005	0.01	1017	0.327	0.068	0.113	1053	0.205	0.322	0.25	932	0.319	0.591	0.414	1528	0.283	0.326	0.247	0.197	4530	0.328	0.283	0.22	4530	original split with dropout 0.3 to all hidden layers applied, hidden sizes: 64,32,16
181	01-Mar-2021-16:23:52	1.7 sec	FeedForward	18809	14279	4530	2	10	10	0.01	-	-	-	-	0.365	0.137	0.199	1017	0.223	0.066	0.101	1053	0.207	0.842	0.333	932	0.208	0.007	0.014	1528	0.222	0.251	0.263	0.162	4530	0.246	0.222	0.141	4530	original split with dropout 0.3 to all hidden layers applied, hidden sizes: 64,32,16
182	01-Mar-2021-16:23:54	1.69 sec	FeedForward	18809	14279	4530	3	10	10	0.01	-	-	-	-	0.338	0.294	0.315	1017	0.237	0.3	0.265	1053	0.247	0.575	0.346	932	0.389	0.038	0.069	1528	0.267	0.303	0.302	0.249	4530	0.313	0.267	0.227	4530	original split with dropout 0.3 to all hidden layers applied, hidden sizes: 64,32,16
183	01-Mar-2021-16:23:56	1.69 sec	FeedForward	18809	14279	4530	4	10	10	0.01	-	-	-	-	0.323	0.231	0.269	1017	0.212	0.236	0.224	1053	0.275	0.535	0.363	932	0.501	0.266	0.348	1528	0.307	0.328	0.317	0.301	4530	0.347	0.307	0.305	4530	original split with dropout 0.3 to all hidden layers applied, hidden sizes: 64,32,16
184	01-Mar-2021-16:23:57	1.68 sec	FeedForward	18809	14279	4530	5	10	10	0.01	-	-	-	-	0.341	0.208	0.259	1017	0.167	0.16	0.164	1053	0.308	0.562	0.398	932	0.489	0.381	0.428	1528	0.328	0.326	0.328	0.312	4530	0.343	0.328	0.322	4530	original split with dropout 0.3 to all hidden layers applied, hidden sizes: 64,32,16
185	01-Mar-2021-16:23:59	1.69 sec	FeedForward	18809	14279	4530	6	10	10	0.01	-	-	-	-	0.348	0.206	0.258	1017	0.161	0.153	0.157	1053	0.312	0.555	0.4	932	0.516	0.431	0.47	1528	0.341	0.334	0.336	0.321	4530	0.354	0.341	0.335	4530	original split with dropout 0.3 to all hidden layers applied, hidden sizes: 64,32,16
186	01-Mar-2021-16:24:01	1.7 sec	FeedForward	18809	14279	4530	7	10	10	0.01	-	-	-	-	0.36	0.21	0.266	1017	0.159	0.148	0.153	1053	0.307	0.541	0.391	932	0.536	0.459	0.495	1528	0.348	0.34	0.34	0.326	4530	0.362	0.348	0.343	4530	original split with dropout 0.3 to all hidden layers applied, hidden sizes: 64,32,16
187	01-Mar-2021-16:24:02	1.69 sec	FeedForward	18809	14279	4530	8	10	10	0.01	-	-	-	-	0.322	0.197	0.244	1017	0.147	0.141	0.144	1053	0.291	0.514	0.372	932	0.537	0.441	0.484	1528	0.331	0.324	0.323	0.311	4530	0.347	0.331	0.328	4530	original split with dropout 0.3 to all hidden layers applied, hidden sizes: 64,32,16
188	01-Mar-2021-16:24:04	1.7 sec	FeedForward	18809	14279	4530	9	10	10	0.01	-	-	-	-	0.352	0.208	0.262	1017	0.154	0.145	0.149	1053	0.3	0.545	0.387	932	0.559	0.452	0.499	1528	0.345	0.341	0.338	0.324	4530	0.365	0.345	0.341	4530	original split with dropout 0.3 to all hidden layers applied, hidden sizes: 64,32,16
189	01-Mar-2021-16:24:06	1.7 sec	FeedForward	18809	14279	4530	10	10	10	0.01	-	-	-	-	0.332	0.201	0.25	1017	0.149	0.142	0.145	1053	0.319	0.586	0.413	932	0.553	0.436	0.488	1528	0.345	0.338	0.341	0.324	4530	0.361	0.345	0.339	4530	original split with dropout 0.3 to all hidden layers applied, hidden sizes: 64,32,16
190	01-Mar-2021-16:29:21	1.93 sec	FeedForward	18809	14279	4530	1	10	10	0.01	-	-	-	-	0.22	0.239	0.229	1017	0.413	0.088	0.146	1053	0.198	0.681	0.307	932	0	0	0	1528	0.214	0.208	0.252	0.17	4530	0.186	0.214	0.148	4530	original split with dropout 0.3 to all hidden layers applied, hidden sizes: 256,128,64
191	01-Mar-2021-16:29:23	1.93 sec	FeedForward	18809	14279	4530	2	10	10	0.01	-	-	-	-	0.193	0.026	0.045	1017	0.352	0.163	0.223	1053	0.212	0.852	0.34	932	0.633	0.07	0.126	1528	0.243	0.347	0.278	0.184	4530	0.382	0.243	0.175	4530	original split with dropout 0.3 to all hidden layers applied, hidden sizes: 256,128,64
192	01-Mar-2021-16:29:24	1.92 sec	FeedForward	18809	14279	4530	3	10	10	0.01	-	-	-	-	0.184	0.135	0.156	1017	0.246	0.241	0.244	1053	0.286	0.498	0.363	932	0.584	0.431	0.496	1528	0.334	0.325	0.326	0.315	4530	0.354	0.334	0.334	4530	original split with dropout 0.3 to all hidden layers applied, hidden sizes: 256,128,64
193	01-Mar-2021-16:29:26	1.93 sec	FeedForward	18809	14279	4530	4	10	10	0.01	-	-	-	-	0.214	0.154	0.179	1017	0.208	0.2	0.204	1053	0.301	0.557	0.39	932	0.594	0.409	0.484	1528	0.334	0.329	0.33	0.315	4530	0.358	0.334	0.331	4530	original split with dropout 0.3 to all hidden layers applied, hidden sizes: 256,128,64
194	01-Mar-2021-16:29:28	1.93 sec	FeedForward	18809	14279	4530	5	10	10	0.01	-	-	-	-	0.214	0.145	0.172	1017	0.187	0.166	0.176	1053	0.303	0.593	0.401	932	0.594	0.421	0.493	1528	0.335	0.324	0.331	0.311	4530	0.354	0.335	0.328	4530	original split with dropout 0.3 to all hidden layers applied, hidden sizes: 256,128,64
195	01-Mar-2021-16:29:30	1.93 sec	FeedForward	18809	14279	4530	6	10	10	0.01	-	-	-	-	0.236	0.159	0.19	1017	0.183	0.164	0.173	1053	0.311	0.604	0.411	932	0.607	0.433	0.506	1528	0.344	0.334	0.34	0.32	4530	0.364	0.344	0.338	4530	original split with dropout 0.3 to all hidden layers applied, hidden sizes: 256,128,64
196	01-Mar-2021-16:29:32	1.95 sec	FeedForward	18809	14279	4530	7	10	10	0.01	-	-	-	-	0.227	0.143	0.175	1017	0.169	0.149	0.159	1053	0.311	0.619	0.414	932	0.612	0.443	0.514	1528	0.343	0.33	0.338	0.315	4530	0.361	0.343	0.335	4530	original split with dropout 0.3 to all hidden layers applied, hidden sizes: 256,128,64
197	01-Mar-2021-16:29:34	1.93 sec	FeedForward	18809	14279	4530	8	10	10	0.01	-	-	-	-	0.241	0.151	0.186	1017	0.163	0.137	0.149	1053	0.319	0.643	0.426	932	0.633	0.467	0.537	1528	0.355	0.339	0.349	0.324	4530	0.371	0.355	0.345	4530	original split with dropout 0.3 to all hidden layers applied, hidden sizes: 256,128,64
198	01-Mar-2021-16:29:36	1.93 sec	FeedForward	18809	14279	4530	9	10	10	0.01	-	-	-	-	0.247	0.147	0.185	1017	0.172	0.146	0.158	1053	0.315	0.643	0.423	932	0.643	0.474	0.546	1528	0.359	0.344	0.353	0.328	4530	0.377	0.359	0.349	4530	original split with dropout 0.3 to all hidden layers applied, hidden sizes: 256,128,64
199	01-Mar-2021-16:29:38	1.96 sec	FeedForward	18809	14279	4530	10	10	10	0.01	-	-	-	-	0.233	0.135	0.171	1017	0.168	0.141	0.153	1053	0.318	0.663	0.43	932	0.648	0.475	0.548	1528	0.36	0.342	0.353	0.326	4530	0.375	0.36	0.347	4530	original split with dropout 0.3 to all hidden layers applied, hidden sizes: 256,128,64
200	01-Mar-2021-16:31:55	3.05 sec	FeedForward	28809	24279	4530	1	10	10	0.01	-	-	-	-	0	0	0	1017	0.161	0.005	0.009	1053	0.272	0.794	0.406	932	0.625	0.729	0.673	1528	0.41	0.265	0.382	0.272	4530	0.304	0.41	0.313	4530	Added 2500 GAN-generated with dropout 0.3 to all hidden layers applied, hidden sizes: 256,128,64
201	01-Mar-2021-16:31:58	3.05 sec	FeedForward	28809	24279	4530	2	10	10	0.01	-	-	-	-	0.273	0.018	0.033	1017	0.138	0.015	0.027	1053	0.318	0.366	0.34	932	0.444	0.951	0.605	1528	0.404	0.293	0.337	0.251	4530	0.308	0.404	0.288	4530	Added 2500 GAN-generated with dropout 0.3 to all hidden layers applied, hidden sizes: 256,128,64
202	01-Mar-2021-16:32:01	3.08 sec	FeedForward	28809	24279	4530	3	10	10	0.01	-	-	-	-	0.332	0.117	0.173	1017	0.103	0.038	0.055	1053	0.309	0.653	0.42	932	0.681	0.809	0.739	1528	0.442	0.356	0.404	0.347	4530	0.392	0.442	0.388	4530	Added 2500 GAN-generated with dropout 0.3 to all hidden layers applied, hidden sizes: 256,128,64
203	01-Mar-2021-16:32:04	3.07 sec	FeedForward	28809	24279	4530	4	10	10	0.01	-	-	-	-	0.321	0.142	0.197	1017	0.096	0.039	0.055	1053	0.317	0.711	0.439	932	0.753	0.771	0.762	1528	0.447	0.372	0.416	0.363	4530	0.414	0.447	0.404	4530	Added 2500 GAN-generated with dropout 0.3 to all hidden layers applied, hidden sizes: 256,128,64
204	01-Mar-2021-16:32:07	3.06 sec	FeedForward	28809	24279	4530	5	10	10	0.01	-	-	-	-	0.328	0.139	0.195	1017	0.105	0.049	0.067	1053	0.317	0.74	0.443	932	0.788	0.735	0.76	1528	0.443	0.384	0.416	0.366	4530	0.429	0.443	0.407	4530	Added 2500 GAN-generated with dropout 0.3 to all hidden layers applied, hidden sizes: 256,128,64
205	01-Mar-2021-16:32:10	3.04 sec	FeedForward	28809	24279	4530	6	10	10	0.01	-	-	-	-	0.279	0.121	0.169	1017	0.087	0.042	0.056	1053	0.3	0.706	0.421	932	0.799	0.728	0.762	1528	0.428	0.366	0.399	0.352	4530	0.414	0.428	0.395	4530	Added 2500 GAN-generated with dropout 0.3 to all hidden layers applied, hidden sizes: 256,128,64
206	01-Mar-2021-16:32:13	3.06 sec	FeedForward	28809	24279	4530	7	10	10	0.01	-	-	-	-	0.275	0.12	0.167	1017	0.102	0.049	0.067	1053	0.294	0.693	0.413	932	0.785	0.711	0.747	1528	0.421	0.364	0.393	0.348	4530	0.411	0.421	0.39	4530	Added 2500 GAN-generated with dropout 0.3 to all hidden layers applied, hidden sizes: 256,128,64
207	01-Mar-2021-16:32:16	3.09 sec	FeedForward	28809	24279	4530	8	10	10	0.01	-	-	-	-	0.265	0.111	0.157	1017	0.083	0.04	0.054	1053	0.299	0.721	0.422	932	0.805	0.709	0.754	1528	0.422	0.363	0.395	0.347	4530	0.412	0.422	0.389	4530	Added 2500 GAN-generated with dropout 0.3 to all hidden layers applied, hidden sizes: 256,128,64
208	01-Mar-2021-16:32:19	3.76 sec	FeedForward	28809	24279	4530	9	10	10	0.01	-	-	-	-	0.261	0.114	0.159	1017	0.085	0.039	0.053	1053	0.297	0.716	0.42	932	0.802	0.713	0.755	1528	0.423	0.361	0.396	0.347	4530	0.41	0.423	0.389	4530	Added 2500 GAN-generated with dropout 0.3 to all hidden layers applied, hidden sizes: 256,128,64
209	01-Mar-2021-16:32:23	3.07 sec	FeedForward	28809	24279	4530	10	10	10	0.01	-	-	-	-	0.253	0.113	0.156	1017	0.083	0.036	0.05	1053	0.307	0.73	0.432	932	0.799	0.734	0.765	1528	0.432	0.361	0.403	0.351	4530	0.409	0.432	0.394	4530	Added 2500 GAN-generated with dropout 0.3 to all hidden layers applied, hidden sizes: 256,128,64
210	01-Mar-2021-16:37:27	3.05 sec	FeedForward	28809	24279	4530	1	10	10	0.01	-	-	-	-	0.562	0.009	0.017	1017	0.147	0.069	0.094	1053	0.235	0.497	0.319	932	0.4	0.536	0.458	1528	0.301	0.336	0.278	0.222	4530	0.344	0.301	0.246	4530	Added 2500 GAN-generated with dropout 0.5 to all hidden layers applied, hidden sizes: 256,128,64
211	01-Mar-2021-16:37:30	3.04 sec	FeedForward	28809	24279	4530	2	10	10	0.01	-	-	-	-	0.308	0.028	0.051	1017	0	0	0	1053	0.302	0.091	0.14	932	0.361	0.982	0.528	1528	0.356	0.243	0.275	0.18	4530	0.253	0.356	0.218	4530	Added 2500 GAN-generated with dropout 0.5 to all hidden layers applied, hidden sizes: 256,128,64
212	01-Mar-2021-16:37:34	3.05 sec	FeedForward	28809	24279	4530	3	10	10	0.01	-	-	-	-	0.368	0.141	0.203	1017	0.127	0.048	0.07	1053	0.319	0.578	0.411	932	0.61	0.818	0.699	1528	0.438	0.356	0.396	0.346	4530	0.383	0.438	0.382	4530	Added 2500 GAN-generated with dropout 0.5 to all hidden layers applied, hidden sizes: 256,128,64
213	01-Mar-2021-16:37:37	3.04 sec	FeedForward	28809	24279	4530	4	10	10	0.01	-	-	-	-	0.357	0.16	0.221	1017	0.116	0.059	0.078	1053	0.318	0.672	0.432	932	0.724	0.743	0.734	1528	0.439	0.379	0.409	0.366	4530	0.417	0.439	0.404	4530	Added 2500 GAN-generated with dropout 0.5 to all hidden layers applied, hidden sizes: 256,128,64
214	01-Mar-2021-16:37:40	3.05 sec	FeedForward	28809	24279	4530	5	10	10	0.01	-	-	-	-	0.327	0.151	0.207	1017	0.106	0.064	0.079	1053	0.307	0.659	0.419	932	0.749	0.699	0.723	1528	0.42	0.372	0.393	0.357	4530	0.414	0.42	0.395	4530	Added 2500 GAN-generated with dropout 0.5 to all hidden layers applied, hidden sizes: 256,128,64
215	01-Mar-2021-16:37:43	3.07 sec	FeedForward	28809	24279	4530	6	10	10	0.01	-	-	-	-	0.316	0.145	0.198	1017	0.1	0.06	0.075	1053	0.303	0.67	0.417	932	0.774	0.698	0.734	1528	0.42	0.373	0.393	0.356	4530	0.418	0.42	0.395	4530	Added 2500 GAN-generated with dropout 0.5 to all hidden layers applied, hidden sizes: 256,128,64
216	01-Mar-2021-16:37:46	3.07 sec	FeedForward	28809	24279	4530	7	10	10	0.01	-	-	-	-	0.298	0.14	0.19	1017	0.105	0.061	0.077	1053	0.312	0.71	0.433	932	0.778	0.672	0.721	1528	0.418	0.373	0.396	0.355	4530	0.418	0.418	0.393	4530	Added 2500 GAN-generated with dropout 0.5 to all hidden layers applied, hidden sizes: 256,128,64
217	01-Mar-2021-16:37:49	3.09 sec	FeedForward	28809	24279	4530	8	10	10	0.01	-	-	-	-	0.284	0.134	0.182	1017	0.106	0.061	0.077	1053	0.311	0.718	0.434	932	0.812	0.691	0.747	1528	0.425	0.378	0.401	0.36	4530	0.426	0.425	0.4	4530	Added 2500 GAN-generated with dropout 0.5 to all hidden layers applied, hidden sizes: 256,128,64
218	01-Mar-2021-16:37:52	3.08 sec	FeedForward	28809	24279	4530	9	10	10	0.01	-	-	-	-	0.306	0.145	0.196	1017	0.102	0.064	0.078	1053	0.31	0.697	0.429	932	0.8	0.677	0.733	1528	0.419	0.379	0.396	0.359	4530	0.426	0.419	0.398	4530	Added 2500 GAN-generated with dropout 0.5 to all hidden layers applied, hidden sizes: 256,128,64
219	01-Mar-2021-16:37:55	3.07 sec	FeedForward	28809	24279	4530	10	10	10	0.01	-	-	-	-	0.283	0.136	0.183	1017	0.109	0.066	0.083	1053	0.305	0.702	0.425	932	0.808	0.665	0.729	1528	0.415	0.376	0.392	0.355	4530	0.424	0.415	0.394	4530	Added 2500 GAN-generated with dropout 0.5 to all hidden layers applied, hidden sizes: 256,128,64
220	01-Mar-2021-16:38:58	1.92 sec	FeedForward	18809	14279	4530	1	10	10	0.01	-	-	-	-	0.109	0.005	0.009	1017	0.205	0.148	0.172	1053	0.2	0.798	0.32	932	0.143	0.001	0.001	1528	0.2	0.164	0.238	0.126	4530	0.161	0.2	0.108	4530	Original Split with dropout 0.5 to all hidden layers applied, hidden sizes: 256,128,64
221	01-Mar-2021-16:39:00	1.91 sec	FeedForward	18809	14279	4530	2	10	10	0.01	-	-	-	-	0.175	0.017	0.031	1017	0.193	0.317	0.24	1053	0.22	0.629	0.326	932	0.511	0.016	0.03	1528	0.212	0.275	0.245	0.157	4530	0.302	0.212	0.14	4530	Original Split with dropout 0.5 to all hidden layers applied, hidden sizes: 256,128,64
222	01-Mar-2021-16:39:01	1.93 sec	FeedForward	18809	14279	4530	3	10	10	0.01	-	-	-	-	0.189	0.109	0.138	1017	0.192	0.305	0.235	1053	0.235	0.378	0.29	932	0.571	0.288	0.383	1528	0.27	0.297	0.27	0.262	4530	0.328	0.27	0.275	4530	Original Split with dropout 0.5 to all hidden layers applied, hidden sizes: 256,128,64
223	01-Mar-2021-16:39:03	1.91 sec	FeedForward	18809	14279	4530	4	10	10	0.01	-	-	-	-	0.209	0.122	0.154	1017	0.186	0.192	0.189	1053	0.26	0.532	0.35	932	0.575	0.355	0.439	1528	0.301	0.308	0.3	0.283	4530	0.338	0.301	0.299	4530	Original Split with dropout 0.5 to all hidden layers applied, hidden sizes: 256,128,64
224	01-Mar-2021-16:39:05	1.92 sec	FeedForward	18809	14279	4530	5	10	10	0.01	-	-	-	-	0.233	0.117	0.156	1017	0.166	0.148	0.157	1053	0.274	0.621	0.38	932	0.603	0.382	0.467	1528	0.317	0.319	0.317	0.29	4530	0.351	0.317	0.307	4530	Original Split with dropout 0.5 to all hidden layers applied, hidden sizes: 256,128,64
225	01-Mar-2021-16:39:07	1.91 sec	FeedForward	18809	14279	4530	6	10	10	0.01	-	-	-	-	0.257	0.127	0.17	1017	0.156	0.142	0.148	1053	0.271	0.608	0.375	932	0.596	0.381	0.465	1528	0.315	0.32	0.314	0.289	4530	0.351	0.315	0.306	4530	Original Split with dropout 0.5 to all hidden layers applied, hidden sizes: 256,128,64
226	01-Mar-2021-16:39:09	1.91 sec	FeedForward	18809	14279	4530	7	10	10	0.01	-	-	-	-	0.245	0.111	0.153	1017	0.141	0.124	0.132	1053	0.291	0.673	0.406	932	0.63	0.406	0.494	1528	0.329	0.327	0.329	0.296	4530	0.36	0.329	0.315	4530	Original Split with dropout 0.5 to all hidden layers applied, hidden sizes: 256,128,64
227	01-Mar-2021-16:39:11	1.93 sec	FeedForward	18809	14279	4530	8	10	10	0.01	-	-	-	-	0.256	0.123	0.166	1017	0.133	0.121	0.127	1053	0.286	0.653	0.398	932	0.615	0.386	0.474	1528	0.32	0.323	0.321	0.291	4530	0.355	0.32	0.309	4530	Original Split with dropout 0.5 to all hidden layers applied, hidden sizes: 256,128,64
228	01-Mar-2021-16:39:13	1.93 sec	FeedForward	18809	14279	4530	9	10	10	0.01	-	-	-	-	0.293	0.134	0.184	1017	0.136	0.125	0.13	1053	0.299	0.665	0.412	932	0.619	0.412	0.494	1528	0.335	0.337	0.334	0.305	4530	0.368	0.335	0.323	4530	Original Split with dropout 0.5 to all hidden layers applied, hidden sizes: 256,128,64
229	01-Mar-2021-16:39:15	1.91 sec	FeedForward	18809	14279	4530	10	10	10	0.01	-	-	-	-	0.274	0.137	0.182	1017	0.122	0.113	0.117	1053	0.3	0.66	0.413	932	0.626	0.41	0.496	1528	0.331	0.331	0.33	0.302	4530	0.363	0.331	0.32	4530	Original Split with dropout 0.5 to all hidden layers applied, hidden sizes: 256,128,64
230	05-Mar-2021-18:30:35	3.43 sec	FeedForward	18809	14279	4530	1	10	10	0.01	-	-	-	-	0.265	0.245	0.254	1017	0.254	0.417	0.315	1053	0.257	0.448	0.327	932	0.551	0.085	0.147	1528	0.273	0.332	0.299	0.261	4530	0.357	0.273	0.247	4530	Trained with only a set of important features
231	05-Mar-2021-18:30:39	3.4 sec	FeedForward	18809	14279	4530	2	10	10	0.01	-	-	-	-	0.176	0.125	0.146	1017	0.242	0.274	0.257	1053	0.302	0.495	0.375	932	0.54	0.385	0.45	1528	0.323	0.315	0.32	0.307	4530	0.34	0.323	0.321	4530	Trained with only a set of important features
232	05-Mar-2021-18:30:42	3.38 sec	FeedForward	18809	14279	4530	3	10	10	0.01	-	-	-	-	0.184	0.122	0.147	1017	0.249	0.258	0.253	1053	0.322	0.585	0.416	932	0.541	0.38	0.447	1528	0.336	0.324	0.336	0.316	4530	0.348	0.336	0.328	4530	Trained with only a set of important features
233	05-Mar-2021-18:30:45	3.41 sec	FeedForward	18809	14279	4530	4	10	10	0.01	-	-	-	-	0.165	0.095	0.121	1017	0.245	0.269	0.256	1053	0.333	0.626	0.434	932	0.574	0.388	0.463	1528	0.343	0.329	0.344	0.319	4530	0.356	0.343	0.332	4530	Trained with only a set of important features
234	05-Mar-2021-18:30:49	3.39 sec	FeedForward	18809	14279	4530	5	10	10	0.01	-	-	-	-	0.137	0.075	0.097	1017	0.259	0.276	0.268	1053	0.337	0.631	0.439	932	0.571	0.413	0.479	1528	0.35	0.326	0.349	0.321	4530	0.353	0.35	0.336	4530	Trained with only a set of important features
235	05-Mar-2021-18:30:52	3.4 sec	FeedForward	18809	14279	4530	6	10	10	0.01	-	-	-	-	0.152	0.083	0.107	1017	0.257	0.268	0.262	1053	0.329	0.635	0.434	932	0.563	0.4	0.467	1528	0.346	0.325	0.346	0.318	4530	0.352	0.346	0.332	4530	Trained with only a set of important features
236	05-Mar-2021-18:30:56	3.4 sec	FeedForward	18809	14279	4530	7	10	10	0.01	-	-	-	-	0.151	0.085	0.108	1017	0.249	0.265	0.257	1053	0.335	0.617	0.434	932	0.586	0.431	0.497	1528	0.353	0.33	0.349	0.324	4530	0.358	0.353	0.341	4530	Trained with only a set of important features
237	05-Mar-2021-18:30:59	3.38 sec	FeedForward	18809	14279	4530	8	10	10	0.01	-	-	-	-	0.159	0.082	0.108	1017	0.249	0.244	0.246	1053	0.334	0.664	0.444	932	0.553	0.404	0.467	1528	0.348	0.323	0.349	0.316	4530	0.349	0.348	0.33	4530	Trained with only a set of important features
238	05-Mar-2021-18:31:02	3.41 sec	FeedForward	18809	14279	4530	9	10	10	0.01	-	-	-	-	0.158	0.082	0.108	1017	0.225	0.233	0.229	1053	0.337	0.664	0.447	932	0.581	0.411	0.481	1528	0.348	0.325	0.347	0.316	4530	0.353	0.348	0.332	4530	Trained with only a set of important features
239	05-Mar-2021-18:31:06	3.4 sec	FeedForward	18809	14279	4530	10	10	10	0.01	-	-	-	-	0.176	0.092	0.121	1017	0.248	0.24	0.244	1053	0.349	0.711	0.469	932	0.593	0.418	0.491	1528	0.364	0.342	0.366	0.331	4530	0.369	0.364	0.346	4530	Trained with only a set of important features
